Unique_ID,Product_ID,Product_Name,Category,Warehouse,Location,Quantity,Price,Supplier,Status,Last_Restocked
1,1102," gadget y ",ELECTRONICS,"Warehouse 2","Aisle 1",300,9.99,"Supplier C","In Stock",NULL
2,1315," widget a ",TOYS,"Warehouse 3","Aisle 1",100,49.99,"Supplier B","In Stock",15/01/2023
3,1435," gadget y ",ELECTRONICS,"Warehouse 2","Aisle 4",200,19.99,"Supplier C","Out of Stock",NULL
4,1013," widget a ",TOYS,"Warehouse 2","Aisle 5",50,19.99,"Supplier C","Low Stock",25/04/2023
5,1241," gadget y ",FURNITURE,"Warehouse 1","Aisle 2",300,29.99,"Supplier D","Low Stock",NULL
6,1776," gadget y ",TOYS,"Warehouse 3","Aisle 4",300,49.99,"Supplier C","Out of Stock",05/03/2023
7,1860," widget a ",CLOTHING,"Warehouse 2","Aisle 3",100,19.99,"Supplier B","In Stock",20/12/2022
8,1270," gadget z ",TOYS,"Warehouse 2","Aisle 4",50,49.99,"Supplier B","In Stock",20/12/2022
9,1345," gadget z ",FURNITURE,"Warehouse 3","Aisle 4",200,19.99,"Supplier A","In Stock",20/12/2022
10,1106," widget a ",FURNITURE,"Warehouse 3","Aisle 3",200,9.99,"Supplier D","Out of Stock",25/04/2023
11,1564," widget b ",FURNITURE,"Warehouse 1","Aisle 1",100,NULL,"Supplier C","Low Stock",15/01/2023
12,1897," widget c ",FURNITURE,"Warehouse 3","Aisle 4",100,NULL,"Supplier C","Low Stock",20/12/2022
13,1071," widget b ",CLOTHING,"Warehouse 3","Aisle 5",300,NULL,"Supplier A","In Stock",20/12/2022
14,1700," widget a ",CLOTHING,"Warehouse 2","Aisle 2",200,49.99,"Supplier B","In Stock",20/12/2022
15,1339," widget c ",FURNITURE,"Warehouse 3","Aisle 1",300,9.99,"Supplier B","In Stock",05/03/2023
16,1091," gadget z ",ELECTRONICS,"Warehouse 1","Aisle 5",300,49.99,"Supplier A","Out of Stock",15/01/2023
17,1366," gadget x ",CLOTHING,"Warehouse 3","Aisle 2",150,19.99,"Supplier A","In Stock",05/03/2023
18,1020," widget c ",CLOTHING,"Warehouse 1","Aisle 5",200,9.99,"Supplier D","Out of Stock",20/12/2022
19,1614," gadget y ",ELECTRONICS,"Warehouse 3","Aisle 3",300,9.99,"Supplier B","Out of Stock",05/03/2023
20,1121," widget b ",TOYS,"Warehouse 1","Aisle 2",50,19.99,"Supplier C","Out of Stock",20/12/2022
21,1955," widget b ",ELECTRONICS,"Warehouse 1","Aisle 5",150,29.99,"Supplier B","Out of Stock",20/12/2022
22,1962," widget c ",TOYS,"Warehouse 2","Aisle 4",50,NULL,"Supplier D","Low Stock",20/12/2022
23,1466," widget a ",CLOTHING,"Warehouse 3","Aisle 1",NULL,49.99,"Supplier B","In Stock",15/01/2023
24,1733," gadget x ",FURNITURE,"Warehouse 3","Aisle 4",150,29.99,"Supplier D","Low Stock",25/04/2023
25,1510," widget c ",TOYS,"Warehouse 2","Aisle 4",300,9.99,"Supplier B","In Stock",05/03/2023
26,1454," gadget z ",TOYS,"Warehouse 1","Aisle 3",150,NULL,"Supplier C","In Stock",NULL
27,1427," widget b ",ELECTRONICS,"Warehouse 2","Aisle 3",100,19.99,"Supplier D","In Stock",20/12/2022
28,1508," widget b ",ELECTRONICS,"Warehouse 2","Aisle 3",200,49.99,"Supplier A","In Stock",20/12/2022
29,1775," widget b ",TOYS,"Warehouse 3","Aisle 5",NULL,9.99,"Supplier A","In Stock",20/12/2022
30,1146," gadget z ",ELECTRONICS,"Warehouse 2","Aisle 4",50,19.99,"Supplier A","In Stock",20/12/2022
31,1147," widget b ",TOYS,"Warehouse 2","Aisle 2",100,19.99,"Supplier C","Low Stock",25/04/2023
32,1942," gadget z ",TOYS,"Warehouse 3","Aisle 4",150,NULL,"Supplier C","Out of Stock",25/04/2023
33,1034," widget c ",TOYS,"Warehouse 1","Aisle 2",200,19.99,"Supplier C","Out of Stock",05/03/2023
34,1205," widget c ",ELECTRONICS,"Warehouse 3","Aisle 3",50,19.99,"Supplier A","Low Stock",05/03/2023
35,1080," widget b ",ELECTRONICS,"Warehouse 1","Aisle 3",150,19.99,"Supplier C","In Stock",05/03/2023
36,1484," widget a ",ELECTRONICS,"Warehouse 3","Aisle 5",200,49.99,"Supplier C","Low Stock",NULL
37,1931," gadget x ",TOYS,"Warehouse 1","Aisle 3",NULL,49.99,"Supplier D","Out of Stock",25/04/2023
38,1863," gadget z ",CLOTHING,"Warehouse 2","Aisle 3",150,9.99,"Supplier A","Low Stock",05/03/2023
39,1561," widget a ",CLOTHING,"Warehouse 3","Aisle 2",50,49.99,"Supplier A","Out of Stock",NULL
40,1871," gadget z ",CLOTHING,"Warehouse 1","Aisle 3",50,49.99,"Supplier D","Out of Stock",20/12/2022
41,1214," gadget z ",FURNITURE,"Warehouse 2","Aisle 1",50,9.99,"Supplier A","Low Stock",15/01/2023
42,1330," widget c ",TOYS,"Warehouse 3","Aisle 4",150,9.99,"Supplier B","In Stock",25/04/2023
43,1387," widget a ",FURNITURE,"Warehouse 2","Aisle 2",NULL,29.99,"Supplier D","In Stock",NULL
44,1458," widget c ",FURNITURE,"Warehouse 2","Aisle 3",300,49.99,"Supplier A","Low Stock",05/03/2023
45,1406," gadget x ",CLOTHING,"Warehouse 2","Aisle 3",100,29.99,"Supplier A","Out of Stock",05/03/2023
46,1230," widget b ",TOYS,"Warehouse 1","Aisle 1",50,49.99,"Supplier A","Low Stock",NULL
47,1001," gadget x ",TOYS,"Warehouse 3","Aisle 3",150,19.99,"Supplier C","Low Stock",25/04/2023
48,1389," gadget z ",FURNITURE,"Warehouse 2","Aisle 5",100,NULL,"Supplier D","Out of Stock",05/03/2023
49,1565," widget b ",CLOTHING,"Warehouse 3","Aisle 5",NULL,49.99,"Supplier C","In Stock",20/12/2022
50,1710," gadget x ",ELECTRONICS,"Warehouse 1","Aisle 5",50,19.99,"Supplier B","Out of Stock",NULL
51,1105," widget c ",FURNITURE,"Warehouse 1","Aisle 2",NULL,49.99,"Supplier B","Out of Stock",15/01/2023
52,1771," widget a ",TOYS,"Warehouse 3","Aisle 5",NULL,19.99,"Supplier C","Out of Stock",15/01/2023
53,1087," widget a ",TOYS,"Warehouse 3","Aisle 3",50,NULL,"Supplier C","Out of Stock",15/01/2023
54,1821," gadget y ",TOYS,"Warehouse 2","Aisle 2",50,49.99,"Supplier D","Low Stock",NULL
55,1819," widget a ",FURNITURE,"Warehouse 2","Aisle 3",200,29.99,"Supplier B","Low Stock",20/12/2022
56,1372," gadget y ",FURNITURE,"Warehouse 2","Aisle 1",200,49.99,"Supplier A","Low Stock",05/03/2023
57,1099," widget a ",ELECTRONICS,"Warehouse 2","Aisle 5",300,49.99,"Supplier B","Out of Stock",05/03/2023
58,1748," widget c ",FURNITURE,"Warehouse 1","Aisle 4",200,19.99,"Supplier D","Out of Stock",20/12/2022
59,1871," widget b ",CLOTHING,"Warehouse 2","Aisle 2",100,NULL,"Supplier D","Out of Stock",25/04/2023
60,1663," widget a ",FURNITURE,"Warehouse 2","Aisle 5",50,49.99,"Supplier C","Low Stock",05/03/2023
61,1130," widget c ",TOYS,"Warehouse 1","Aisle 5",300,9.99,"Supplier B","Out of Stock",20/12/2022
62,1488," gadget y ",ELECTRONICS,"Warehouse 2","Aisle 1",300,9.99,"Supplier A","Out of Stock",20/12/2022
63,1928," widget b ",TOYS,"Warehouse 1","Aisle 4",300,29.99,"Supplier C","Low Stock",25/04/2023
64,1935," widget a ",FURNITURE,"Warehouse 2","Aisle 3",NULL,19.99,"Supplier B","In Stock",25/04/2023
65,1476," gadget y ",TOYS,"Warehouse 1","Aisle 5",200,29.99,"Supplier B","Out of Stock",05/03/2023
66,1702," gadget x ",ELECTRONICS,"Warehouse 3","Aisle 5",100,29.99,"Supplier C","Out of Stock",15/01/2023
67,1401," widget b ",FURNITURE,"Warehouse 3","Aisle 2",150,49.99,"Supplier D","In Stock",NULL
68,1661," widget a ",CLOTHING,"Warehouse 2","Aisle 1",50,49.99,"Supplier C","Low Stock",05/03/2023
69,1729," widget a ",CLOTHING,"Warehouse 3","Aisle 4",150,19.99,"Supplier A","In Stock",25/04/2023
70,1308," gadget y ",CLOTHING,"Warehouse 1","Aisle 1",300,NULL,"Supplier C","Out of Stock",25/04/2023
71,1555," widget b ",CLOTHING,"Warehouse 2","Aisle 5",200,19.99,"Supplier A","Low Stock",NULL
72,1161," widget a ",CLOTHING,"Warehouse 2","Aisle 3",NULL,19.99,"Supplier C","In Stock",NULL
73,1769," gadget z ",TOYS,"Warehouse 1","Aisle 1",200,29.99,"Supplier B","In Stock",25/04/2023
74,1201," gadget x ",ELECTRONICS,"Warehouse 3","Aisle 4",100,9.99,"Supplier C","In Stock",NULL
75,1654," widget a ",TOYS,"Warehouse 2","Aisle 5",100,49.99,"Supplier A","In Stock",25/04/2023
76,1343," gadget x ",FURNITURE,"Warehouse 2","Aisle 4",100,49.99,"Supplier B","In Stock",25/04/2023
77,1491," widget a ",ELECTRONICS,"Warehouse 1","Aisle 5",100,19.99,"Supplier D","Out of Stock",15/01/2023
78,1957," gadget x ",ELECTRONICS,"Warehouse 1","Aisle 2",150,49.99,"Supplier A","Low Stock",20/12/2022
79,1413," gadget y ",ELECTRONICS,"Warehouse 3","Aisle 3",150,9.99,"Supplier C","Out of Stock",20/12/2022
80,1639," widget b ",ELECTRONICS,"Warehouse 1","Aisle 5",200,9.99,"Supplier D","In Stock",15/01/2023
81,1170," gadget y ",CLOTHING,"Warehouse 2","Aisle 1",150,29.99,"Supplier A","Low Stock",NULL
82,1995," gadget y ",TOYS,"Warehouse 1","Aisle 4",300,19.99,"Supplier D","Out of Stock",NULL
83,1805," gadget y ",FURNITURE,"Warehouse 2","Aisle 2",300,9.99,"Supplier C","Low Stock",15/01/2023
84,1269," widget b ",CLOTHING,"Warehouse 2","Aisle 1",150,29.99,"Supplier D","Low Stock",NULL
85,1385," gadget z ",CLOTHING,"Warehouse 1","Aisle 4",50,19.99,"Supplier B","In Stock",NULL
86,1862," gadget z ",ELECTRONICS,"Warehouse 1","Aisle 1",NULL,NULL,"Supplier D","In Stock",20/12/2022
87,1191," widget c ",CLOTHING,"Warehouse 2","Aisle 3",100,19.99,"Supplier A","Low Stock",20/12/2022
88,1815," gadget y ",TOYS,"Warehouse 2","Aisle 5",300,NULL,"Supplier C","Low Stock",20/12/2022
89,1270," widget b ",CLOTHING,"Warehouse 3","Aisle 5",200,19.99,"Supplier B","Out of Stock",25/04/2023
90,1455," gadget y ",FURNITURE,"Warehouse 2","Aisle 3",100,NULL,"Supplier B","Low Stock",05/03/2023
91,1955," gadget y ",CLOTHING,"Warehouse 2","Aisle 5",100,49.99,"Supplier B","Out of Stock",05/03/2023
92,1276," gadget y ",CLOTHING,"Warehouse 2","Aisle 1",NULL,19.99,"Supplier C","Out of Stock",25/04/2023
93,1160," gadget y ",FURNITURE,"Warehouse 1","Aisle 5",NULL,29.99,"Supplier B","Low Stock",NULL
94,1459," gadget y ",CLOTHING,"Warehouse 3","Aisle 2",100,NULL,"Supplier D","Out of Stock",20/12/2022
95,1313," widget b ",TOYS,"Warehouse 3","Aisle 4",300,19.99,"Supplier A","In Stock",15/01/2023
96,1021," widget b ",CLOTHING,"Warehouse 1","Aisle 4",150,19.99,"Supplier B","Low Stock",25/04/2023
97,1540," widget b ",ELECTRONICS,"Warehouse 2","Aisle 1",100,29.99,"Supplier B","Low Stock",05/03/2023
98,1461," gadget z ",TOYS,"Warehouse 2","Aisle 4",200,NULL,"Supplier B","In Stock",15/01/2023
99,1035," gadget x ",ELECTRONICS,"Warehouse 2","Aisle 1",100,49.99,"Supplier A","In Stock",20/12/2022
100,1252," widget c ",ELECTRONICS,"Warehouse 2","Aisle 2",100,29.99,"Supplier D","In Stock",15/01/2023
101,1726," widget c ",ELECTRONICS,"Warehouse 3","Aisle 1",200,9.99,"Supplier B","In Stock",15/01/2023
102,1524," gadget z ",CLOTHING,"Warehouse 3","Aisle 1",300,49.99,"Supplier B","In Stock",15/01/2023
103,1251," widget c ",ELECTRONICS,"Warehouse 1","Aisle 5",100,29.99,"Supplier B","Low Stock",NULL
104,1701," widget c ",TOYS,"Warehouse 2","Aisle 4",100,29.99,"Supplier C","Out of Stock",25/04/2023
105,1747," widget a ",CLOTHING,"Warehouse 1","Aisle 3",200,9.99,"Supplier C","In Stock",20/12/2022
106,1856," gadget y ",FURNITURE,"Warehouse 1","Aisle 3",50,9.99,"Supplier B","In Stock",20/12/2022
107,1560," gadget z ",ELECTRONICS,"Warehouse 1","Aisle 4",150,49.99,"Supplier C","Low Stock",NULL
108,1295," widget c ",TOYS,"Warehouse 2","Aisle 5",150,9.99,"Supplier C","Low Stock",NULL
109,1474," widget a ",FURNITURE,"Warehouse 2","Aisle 4",200,29.99,"Supplier D","Out of Stock",05/03/2023
110,1724," widget a ",ELECTRONICS,"Warehouse 3","Aisle 5",150,9.99,"Supplier B","Out of Stock",15/01/2023
111,1058," gadget z ",FURNITURE,"Warehouse 1","Aisle 1",150,NULL,"Supplier C","In Stock",15/01/2023
112,1719," widget c ",FURNITURE,"Warehouse 1","Aisle 1",100,NULL,"Supplier C","Out of Stock",20/12/2022
113,1159," widget b ",ELECTRONICS,"Warehouse 1","Aisle 3",100,49.99,"Supplier A","Low Stock",NULL
114,1510," widget a ",ELECTRONICS,"Warehouse 2","Aisle 3",200,NULL,"Supplier D","In Stock",NULL
115,1748," gadget z ",CLOTHING,"Warehouse 2","Aisle 1",300,49.99,"Supplier C","Low Stock",05/03/2023
116,1681," widget c ",FURNITURE,"Warehouse 1","Aisle 2",50,29.99,"Supplier D","In Stock",25/04/2023
117,1337," gadget x ",FURNITURE,"Warehouse 3","Aisle 5",50,NULL,"Supplier B","Out of Stock",25/04/2023
118,1878," gadget x ",TOYS,"Warehouse 2","Aisle 2",150,9.99,"Supplier D","In Stock",20/12/2022
119,1052," widget a ",FURNITURE,"Warehouse 3","Aisle 5",50,29.99,"Supplier C","Low Stock",05/03/2023
120,1791," widget c ",ELECTRONICS,"Warehouse 1","Aisle 5",300,NULL,"Supplier D","Out of Stock",25/04/2023
121,1921," widget c ",TOYS,"Warehouse 1","Aisle 3",100,49.99,"Supplier C","In Stock",25/04/2023
122,1216," widget c ",CLOTHING,"Warehouse 1","Aisle 3",300,NULL,"Supplier C","Low Stock",15/01/2023
123,1550," gadget z ",CLOTHING,"Warehouse 1","Aisle 1",NULL,19.99,"Supplier B","Low Stock",15/01/2023
124,1337," widget c ",CLOTHING,"Warehouse 3","Aisle 2",50,9.99,"Supplier C","Out of Stock",15/01/2023
125,1871," gadget y ",ELECTRONICS,"Warehouse 3","Aisle 2",100,19.99,"Supplier B","In Stock",25/04/2023
126,1763," gadget y ",ELECTRONICS,"Warehouse 1","Aisle 3",150,19.99,"Supplier B","In Stock",20/12/2022
127,1187," widget b ",ELECTRONICS,"Warehouse 2","Aisle 2",200,NULL,"Supplier C","In Stock",25/04/2023
128,1475," gadget y ",FURNITURE,"Warehouse 3","Aisle 3",50,NULL,"Supplier D","Out of Stock",05/03/2023
129,1379," gadget y ",CLOTHING,"Warehouse 2","Aisle 2",100,9.99,"Supplier A","In Stock",25/04/2023
130,1699," gadget y ",CLOTHING,"Warehouse 1","Aisle 1",NULL,9.99,"Supplier B","Out of Stock",NULL
131,1492," widget b ",CLOTHING,"Warehouse 1","Aisle 5",NULL,29.99,"Supplier A","Out of Stock",05/03/2023
132,1975," gadget x ",TOYS,"Warehouse 1","Aisle 4",300,NULL,"Supplier C","Low Stock",15/01/2023
133,1040," widget c ",FURNITURE,"Warehouse 1","Aisle 3",50,29.99,"Supplier B","Low Stock",15/01/2023
134,1782," gadget z ",FURNITURE,"Warehouse 3","Aisle 4",200,NULL,"Supplier C","Out of Stock",20/12/2022
135,1156," widget c ",TOYS,"Warehouse 1","Aisle 2",300,9.99,"Supplier D","Low Stock",NULL
136,1014," gadget y ",CLOTHING,"Warehouse 2","Aisle 1",100,19.99,"Supplier D","Out of Stock",15/01/2023
137,1640," gadget z ",CLOTHING,"Warehouse 3","Aisle 5",200,29.99,"Supplier A","Out of Stock",15/01/2023
138,1189," widget a ",FURNITURE,"Warehouse 2","Aisle 1",NULL,29.99,"Supplier A","Low Stock",25/04/2023
139,1957," widget a ",FURNITURE,"Warehouse 2","Aisle 2",200,29.99,"Supplier A","Low Stock",15/01/2023
140,1686," widget b ",CLOTHING,"Warehouse 1","Aisle 4",NULL,NULL,"Supplier A","Low Stock",05/03/2023
141,1778," widget a ",CLOTHING,"Warehouse 3","Aisle 1",200,29.99,"Supplier B","Low Stock",15/01/2023
142,1987," widget a ",CLOTHING,"Warehouse 2","Aisle 4",200,19.99,"Supplier B","Low Stock",NULL
143,1957," gadget x ",TOYS,"Warehouse 3","Aisle 5",50,19.99,"Supplier A","Low Stock",05/03/2023
144,1562," widget b ",ELECTRONICS,"Warehouse 2","Aisle 4",150,29.99,"Supplier C","Low Stock",20/12/2022
145,1875," widget b ",CLOTHING,"Warehouse 1","Aisle 5",NULL,49.99,"Supplier D","In Stock",20/12/2022
146,1952," widget a ",FURNITURE,"Warehouse 3","Aisle 3",NULL,9.99,"Supplier C","In Stock",15/01/2023
147,1472," widget a ",CLOTHING,"Warehouse 1","Aisle 1",50,NULL,"Supplier A","Low Stock",20/12/2022
148,1566," widget b ",CLOTHING,"Warehouse 3","Aisle 1",200,49.99,"Supplier D","Out of Stock",25/04/2023
149,1945," widget a ",CLOTHING,"Warehouse 2","Aisle 2",200,29.99,"Supplier C","In Stock",25/04/2023
150,1812," gadget y ",CLOTHING,"Warehouse 1","Aisle 5",300,9.99,"Supplier D","Low Stock",NULL
151,1243," gadget z ",TOYS,"Warehouse 2","Aisle 1",200,9.99,"Supplier B","In Stock",25/04/2023
152,1831," gadget z ",TOYS,"Warehouse 2","Aisle 4",300,NULL,"Supplier D","Low Stock",20/12/2022
153,1504," widget c ",CLOTHING,"Warehouse 3","Aisle 3",50,19.99,"Supplier C","Out of Stock",20/12/2022
154,1064," widget b ",TOYS,"Warehouse 1","Aisle 4",100,NULL,"Supplier A","In Stock",20/12/2022
155,1856," gadget x ",CLOTHING,"Warehouse 1","Aisle 5",150,9.99,"Supplier D","Low Stock",20/12/2022
156,1838," widget b ",CLOTHING,"Warehouse 3","Aisle 4",150,9.99,"Supplier D","Out of Stock",25/04/2023
157,1130," widget c ",ELECTRONICS,"Warehouse 3","Aisle 5",200,9.99,"Supplier C","In Stock",05/03/2023
158,1520," gadget y ",FURNITURE,"Warehouse 1","Aisle 3",150,19.99,"Supplier B","In Stock",20/12/2022
159,1484," widget b ",CLOTHING,"Warehouse 3","Aisle 2",100,NULL,"Supplier C","In Stock",20/12/2022
160,1343," gadget z ",ELECTRONICS,"Warehouse 3","Aisle 4",300,NULL,"Supplier D","Out of Stock",25/04/2023
161,1128," gadget y ",ELECTRONICS,"Warehouse 3","Aisle 3",NULL,49.99,"Supplier A","In Stock",15/01/2023
162,1150," widget b ",CLOTHING,"Warehouse 3","Aisle 5",200,29.99,"Supplier B","Out of Stock",05/03/2023
163,1818," gadget x ",TOYS,"Warehouse 3","Aisle 4",150,29.99,"Supplier B","Low Stock",NULL
164,1414," gadget z ",FURNITURE,"Warehouse 1","Aisle 5",300,NULL,"Supplier D","In Stock",NULL
165,1646," widget a ",ELECTRONICS,"Warehouse 1","Aisle 2",NULL,49.99,"Supplier A","In Stock",15/01/2023
166,1838," widget a ",FURNITURE,"Warehouse 3","Aisle 3",50,NULL,"Supplier C","In Stock",20/12/2022
167,1020," gadget z ",TOYS,"Warehouse 3","Aisle 4",300,19.99,"Supplier D","In Stock",20/12/2022
168,1698," gadget x ",CLOTHING,"Warehouse 1","Aisle 3",100,29.99,"Supplier D","Out of Stock",15/01/2023
169,1840," gadget x ",ELECTRONICS,"Warehouse 2","Aisle 3",150,49.99,"Supplier C","In Stock",25/04/2023
170,1242," widget c ",TOYS,"Warehouse 1","Aisle 5",50,29.99,"Supplier B","In Stock",NULL
171,1166," gadget y ",FURNITURE,"Warehouse 2","Aisle 3",50,29.99,"Supplier C","In Stock",NULL
172,1085," widget b ",CLOTHING,"Warehouse 2","Aisle 5",150,NULL,"Supplier D","In Stock",20/12/2022
173,1795," widget a ",FURNITURE,"Warehouse 3","Aisle 5",50,49.99,"Supplier B","Low Stock",20/12/2022
174,1577," gadget y ",FURNITURE,"Warehouse 2","Aisle 2",150,19.99,"Supplier B","Out of Stock",NULL
175,1989," gadget y ",ELECTRONICS,"Warehouse 2","Aisle 3",100,19.99,"Supplier B","In Stock",25/04/2023
176,1681," gadget z ",CLOTHING,"Warehouse 3","Aisle 5",150,49.99,"Supplier B","In Stock",20/12/2022
177,1297," widget c ",TOYS,"Warehouse 2","Aisle 5",300,9.99,"Supplier C","Out of Stock",25/04/2023
178,1556," gadget x ",CLOTHING,"Warehouse 1","Aisle 3",50,49.99,"Supplier C","Out of Stock",25/04/2023
179,1610," widget c ",CLOTHING,"Warehouse 3","Aisle 5",300,19.99,"Supplier D","In Stock",20/12/2022
180,1573," widget b ",ELECTRONICS,"Warehouse 2","Aisle 3",200,NULL,"Supplier A","Out of Stock",NULL
181,1262," gadget z ",ELECTRONICS,"Warehouse 2","Aisle 1",100,49.99,"Supplier C","In Stock",15/01/2023
182,1273," gadget z ",TOYS,"Warehouse 1","Aisle 3",300,NULL,"Supplier A","In Stock",25/04/2023
183,1763," gadget z ",CLOTHING,"Warehouse 1","Aisle 4",50,29.99,"Supplier C","Low Stock",20/12/2022
184,1143," widget c ",FURNITURE,"Warehouse 2","Aisle 3",300,49.99,"Supplier A","Out of Stock",15/01/2023
185,1345," widget c ",ELECTRONICS,"Warehouse 1","Aisle 1",50,29.99,"Supplier D","In Stock",15/01/2023
186,1387," gadget z ",TOYS,"Warehouse 2","Aisle 3",NULL,29.99,"Supplier C","Low Stock",NULL
187,1600," widget c ",CLOTHING,"Warehouse 2","Aisle 1",NULL,29.99,"Supplier D","Low Stock",20/12/2022
188,1952," widget b ",FURNITURE,"Warehouse 2","Aisle 2",NULL,29.99,"Supplier B","Out of Stock",20/12/2022
189,1645," widget c ",CLOTHING,"Warehouse 1","Aisle 2",100,49.99,"Supplier C","Low Stock",15/01/2023
190,1795," widget c ",CLOTHING,"Warehouse 1","Aisle 5",300,29.99,"Supplier B","In Stock",15/01/2023
191,1027," gadget y ",FURNITURE,"Warehouse 1","Aisle 4",NULL,9.99,"Supplier A","Low Stock",25/04/2023
192,1045," widget c ",ELECTRONICS,"Warehouse 1","Aisle 1",300,29.99,"Supplier C","In Stock",20/12/2022
193,1619," gadget z ",CLOTHING,"Warehouse 2","Aisle 2",100,29.99,"Supplier B","In Stock",NULL
194,1372," gadget x ",CLOTHING,"Warehouse 2","Aisle 3",200,29.99,"Supplier C","Out of Stock",NULL
195,1555," gadget y ",ELECTRONICS,"Warehouse 3","Aisle 1",100,19.99,"Supplier C","In Stock",20/12/2022
196,1339," widget a ",FURNITURE,"Warehouse 2","Aisle 3",150,19.99,"Supplier A","Low Stock",20/12/2022
197,1517," widget a ",CLOTHING,"Warehouse 1","Aisle 1",NULL,49.99,"Supplier C","Low Stock",15/01/2023
198,1797," widget a ",ELECTRONICS,"Warehouse 3","Aisle 1",100,49.99,"Supplier C","Out of Stock",15/01/2023
199,1098," widget b ",CLOTHING,"Warehouse 2","Aisle 1",150,49.99,"Supplier A","Out of Stock",NULL
200,1957," gadget y ",ELECTRONICS,"Warehouse 2","Aisle 3",300,29.99,"Supplier A","Out of Stock",25/04/2023
201,1891," widget c ",CLOTHING,"Warehouse 2","Aisle 5",50,NULL,"Supplier B","Out of Stock",NULL
202,1744," gadget z ",TOYS,"Warehouse 1","Aisle 3",150,NULL,"Supplier A","Low Stock",05/03/2023
203,1036," widget b ",TOYS,"Warehouse 3","Aisle 4",50,29.99,"Supplier A","Out of Stock",05/03/2023
204,1279," widget b ",FURNITURE,"Warehouse 1","Aisle 3",150,19.99,"Supplier A","Out of Stock",NULL
205,1348," widget c ",CLOTHING,"Warehouse 1","Aisle 5",NULL,19.99,"Supplier C","Out of Stock",25/04/2023
206,1496," widget b ",TOYS,"Warehouse 2","Aisle 1",200,NULL,"Supplier C","In Stock",05/03/2023
207,1301," widget c ",ELECTRONICS,"Warehouse 2","Aisle 5",NULL,19.99,"Supplier C","Out of Stock",NULL
208,1180," widget a ",CLOTHING,"Warehouse 2","Aisle 2",300,NULL,"Supplier B","Low Stock",15/01/2023
209,1623," widget b ",FURNITURE,"Warehouse 2","Aisle 4",300,29.99,"Supplier B","Out of Stock",25/04/2023
210,1606," widget c ",FURNITURE,"Warehouse 2","Aisle 2",100,49.99,"Supplier D","Low Stock",25/04/2023
211,1647," gadget z ",ELECTRONICS,"Warehouse 1","Aisle 1",150,49.99,"Supplier A","In Stock",20/12/2022
212,1571," gadget x ",CLOTHING,"Warehouse 3","Aisle 1",150,49.99,"Supplier C","Out of Stock",15/01/2023
213,1098," widget c ",FURNITURE,"Warehouse 3","Aisle 4",200,29.99,"Supplier C","Out of Stock",20/12/2022
214,1880," gadget y ",CLOTHING,"Warehouse 1","Aisle 1",100,49.99,"Supplier B","In Stock",NULL
215,1471," widget a ",ELECTRONICS,"Warehouse 3","Aisle 4",100,29.99,"Supplier A","Low Stock",15/01/2023
216,1699," gadget x ",FURNITURE,"Warehouse 3","Aisle 5",NULL,9.99,"Supplier B","Out of Stock",NULL
217,1001," widget a ",FURNITURE,"Warehouse 2","Aisle 5",300,19.99,"Supplier A","Low Stock",NULL
218,1062," gadget y ",CLOTHING,"Warehouse 1","Aisle 5",150,9.99,"Supplier B","In Stock",15/01/2023
219,1330," gadget z ",ELECTRONICS,"Warehouse 2","Aisle 3",100,49.99,"Supplier A","In Stock",15/01/2023
220,1896," gadget x ",TOYS,"Warehouse 2","Aisle 4",150,49.99,"Supplier A","Out of Stock",NULL
221,1138," widget a ",TOYS,"Warehouse 2","Aisle 3",200,29.99,"Supplier B","Out of Stock",20/12/2022
222,1639," gadget y ",ELECTRONICS,"Warehouse 1","Aisle 2",50,NULL,"Supplier D","Low Stock",15/01/2023
223,1303," gadget z ",FURNITURE,"Warehouse 2","Aisle 3",NULL,19.99,"Supplier D","In Stock",25/04/2023
224,1498," gadget x ",TOYS,"Warehouse 2","Aisle 5",150,19.99,"Supplier C","Low Stock",15/01/2023
225,1505," gadget z ",FURNITURE,"Warehouse 3","Aisle 2",NULL,19.99,"Supplier D","Out of Stock",25/04/2023
226,1592," widget b ",FURNITURE,"Warehouse 2","Aisle 2",300,49.99,"Supplier D","Out of Stock",20/12/2022
227,1253," widget c ",CLOTHING,"Warehouse 1","Aisle 3",150,19.99,"Supplier A","Out of Stock",20/12/2022
228,1992," widget c ",ELECTRONICS,"Warehouse 3","Aisle 4",300,29.99,"Supplier C","Out of Stock",NULL
229,1391," gadget z ",FURNITURE,"Warehouse 2","Aisle 3",NULL,9.99,"Supplier B","In Stock",20/12/2022
230,1651," gadget x ",FURNITURE,"Warehouse 1","Aisle 4",200,19.99,"Supplier A","Low Stock",05/03/2023
231,1452," gadget y ",TOYS,"Warehouse 1","Aisle 5",300,29.99,"Supplier B","Low Stock",15/01/2023
232,1674," widget b ",CLOTHING,"Warehouse 3","Aisle 4",200,19.99,"Supplier A","Out of Stock",20/12/2022
233,1036," gadget z ",FURNITURE,"Warehouse 3","Aisle 2",150,29.99,"Supplier A","Low Stock",05/03/2023
234,1418," widget a ",TOYS,"Warehouse 1","Aisle 3",300,19.99,"Supplier A","Out of Stock",NULL
235,1159," widget a ",TOYS,"Warehouse 3","Aisle 1",50,49.99,"Supplier A","In Stock",20/12/2022
236,1288," gadget z ",TOYS,"Warehouse 1","Aisle 5",300,9.99,"Supplier B","In Stock",15/01/2023
237,1008," widget a ",TOYS,"Warehouse 1","Aisle 5",NULL,29.99,"Supplier C","In Stock",20/12/2022
238,1378," widget b ",ELECTRONICS,"Warehouse 1","Aisle 1",300,19.99,"Supplier B","Low Stock",05/03/2023
239,1772," gadget y ",CLOTHING,"Warehouse 2","Aisle 3",100,9.99,"Supplier B","Out of Stock",20/12/2022
240,1232," gadget y ",FURNITURE,"Warehouse 2","Aisle 4",300,49.99,"Supplier A","Low Stock",25/04/2023
241,1098," gadget y ",FURNITURE,"Warehouse 3","Aisle 1",200,29.99,"Supplier C","In Stock",NULL
242,1489," widget c ",CLOTHING,"Warehouse 2","Aisle 4",300,9.99,"Supplier C","In Stock",15/01/2023
243,1230," widget a ",ELECTRONICS,"Warehouse 1","Aisle 2",100,NULL,"Supplier A","Low Stock",25/04/2023
244,1347," gadget z ",ELECTRONICS,"Warehouse 2","Aisle 1",50,49.99,"Supplier D","Out of Stock",NULL
245,1472," gadget x ",ELECTRONICS,"Warehouse 2","Aisle 3",300,NULL,"Supplier A","In Stock",20/12/2022
246,1040," widget b ",CLOTHING,"Warehouse 2","Aisle 1",300,29.99,"Supplier C","Low Stock",20/12/2022
247,1230," gadget z ",CLOTHING,"Warehouse 1","Aisle 1",100,49.99,"Supplier B","In Stock",NULL
248,1027," widget a ",CLOTHING,"Warehouse 1","Aisle 2",50,19.99,"Supplier C","Low Stock",20/12/2022
249,1134," widget a ",FURNITURE,"Warehouse 1","Aisle 3",200,19.99,"Supplier D","Out of Stock",05/03/2023
250,1115," widget c ",TOYS,"Warehouse 2","Aisle 4",100,NULL,"Supplier C","Low Stock",25/04/2023
251,1200," gadget z ",TOYS,"Warehouse 1","Aisle 5",50,NULL,"Supplier A","Out of Stock",NULL
252,1189," widget c ",FURNITURE,"Warehouse 1","Aisle 4",300,29.99,"Supplier C","Low Stock",05/03/2023
253,1190," gadget z ",ELECTRONICS,"Warehouse 2","Aisle 2",300,NULL,"Supplier A","Low Stock",05/03/2023
254,1658," widget c ",ELECTRONICS,"Warehouse 1","Aisle 3",150,9.99,"Supplier A","Low Stock",NULL
255,1252," widget a ",CLOTHING,"Warehouse 2","Aisle 4",50,29.99,"Supplier A","In Stock",05/03/2023
256,1815," widget a ",CLOTHING,"Warehouse 2","Aisle 2",NULL,9.99,"Supplier A","In Stock",20/12/2022
257,1224," gadget z ",FURNITURE,"Warehouse 3","Aisle 1",150,29.99,"Supplier C","In Stock",05/03/2023
258,1980," gadget x ",FURNITURE,"Warehouse 3","Aisle 2",50,NULL,"Supplier A","In Stock",05/03/2023
259,1207," gadget z ",TOYS,"Warehouse 3","Aisle 3",300,49.99,"Supplier D","Low Stock",25/04/2023
260,1384," gadget z ",TOYS,"Warehouse 2","Aisle 5",50,29.99,"Supplier C","Out of Stock",05/03/2023
261,1927," gadget z ",ELECTRONICS,"Warehouse 2","Aisle 1",150,19.99,"Supplier B","In Stock",20/12/2022
262,1130," gadget x ",ELECTRONICS,"Warehouse 2","Aisle 4",NULL,29.99,"Supplier D","Out of Stock",25/04/2023
263,1376," gadget z ",FURNITURE,"Warehouse 3","Aisle 1",50,29.99,"Supplier D","Out of Stock",25/04/2023
264,1982," gadget y ",ELECTRONICS,"Warehouse 1","Aisle 5",200,19.99,"Supplier D","Low Stock",25/04/2023
265,1282," widget a ",FURNITURE,"Warehouse 2","Aisle 5",200,9.99,"Supplier A","Out of Stock",15/01/2023
266,1160," widget a ",TOYS,"Warehouse 1","Aisle 4",50,NULL,"Supplier D","In Stock",25/04/2023
267,1957," widget c ",TOYS,"Warehouse 3","Aisle 5",100,NULL,"Supplier D","Out of Stock",NULL
268,1403," gadget z ",FURNITURE,"Warehouse 2","Aisle 1",200,29.99,"Supplier C","Low Stock",15/01/2023
269,1255," widget a ",TOYS,"Warehouse 2","Aisle 2",300,NULL,"Supplier B","Out of Stock",05/03/2023
270,1151," widget b ",CLOTHING,"Warehouse 2","Aisle 4",150,19.99,"Supplier A","Low Stock",NULL
271,1322," gadget y ",FURNITURE,"Warehouse 1","Aisle 3",200,19.99,"Supplier C","Out of Stock",05/03/2023
272,1839," gadget z ",CLOTHING,"Warehouse 1","Aisle 5",300,NULL,"Supplier A","Out of Stock",NULL
273,1053," widget b ",ELECTRONICS,"Warehouse 2","Aisle 1",NULL,NULL,"Supplier B","In Stock",20/12/2022
274,1632," widget c ",FURNITURE,"Warehouse 1","Aisle 5",150,NULL,"Supplier B","Low Stock",20/12/2022
275,1127," widget c ",ELECTRONICS,"Warehouse 1","Aisle 4",50,NULL,"Supplier B","Low Stock",15/01/2023
276,1779," widget c ",FURNITURE,"Warehouse 1","Aisle 4",200,NULL,"Supplier B","Low Stock",20/12/2022
277,1627," gadget y ",FURNITURE,"Warehouse 2","Aisle 4",50,29.99,"Supplier A","Low Stock",05/03/2023
278,1017," gadget z ",ELECTRONICS,"Warehouse 3","Aisle 1",150,NULL,"Supplier C","In Stock",15/01/2023
279,1929," gadget y ",TOYS,"Warehouse 1","Aisle 5",200,49.99,"Supplier B","Out of Stock",15/01/2023
280,1119," gadget y ",TOYS,"Warehouse 3","Aisle 5",NULL,49.99,"Supplier D","In Stock",05/03/2023
281,1672," widget c ",ELECTRONICS,"Warehouse 3","Aisle 2",100,NULL,"Supplier B","In Stock",NULL
282,1919," widget b ",TOYS,"Warehouse 3","Aisle 5",NULL,NULL,"Supplier D","In Stock",15/01/2023
283,1032," widget a ",ELECTRONICS,"Warehouse 1","Aisle 1",NULL,49.99,"Supplier D","In Stock",25/04/2023
284,1047," widget b ",FURNITURE,"Warehouse 2","Aisle 5",50,49.99,"Supplier C","Out of Stock",25/04/2023
285,1627," widget a ",FURNITURE,"Warehouse 1","Aisle 5",100,49.99,"Supplier D","In Stock",25/04/2023
286,1502," gadget x ",FURNITURE,"Warehouse 1","Aisle 4",NULL,9.99,"Supplier B","Out of Stock",15/01/2023
287,1586," gadget z ",CLOTHING,"Warehouse 3","Aisle 4",150,29.99,"Supplier A","In Stock",20/12/2022
288,1624," gadget z ",CLOTHING,"Warehouse 2","Aisle 2",300,49.99,"Supplier D","Out of Stock",NULL
289,1967," gadget y ",CLOTHING,"Warehouse 3","Aisle 1",300,NULL,"Supplier B","Low Stock",05/03/2023
290,1972," gadget x ",FURNITURE,"Warehouse 3","Aisle 1",50,9.99,"Supplier C","In Stock",NULL
291,1744," gadget z ",FURNITURE,"Warehouse 1","Aisle 1",150,29.99,"Supplier D","In Stock",05/03/2023
292,1419," gadget x ",FURNITURE,"Warehouse 2","Aisle 1",150,29.99,"Supplier D","Low Stock",15/01/2023
293,1258," widget b ",TOYS,"Warehouse 1","Aisle 4",300,9.99,"Supplier D","In Stock",05/03/2023
294,1358," gadget x ",FURNITURE,"Warehouse 3","Aisle 3",300,29.99,"Supplier B","Low Stock",20/12/2022
295,1421," gadget y ",TOYS,"Warehouse 1","Aisle 3",150,9.99,"Supplier C","Low Stock",15/01/2023
296,1406," widget a ",TOYS,"Warehouse 1","Aisle 3",200,19.99,"Supplier B","Low Stock",20/12/2022
297,1709," gadget x ",FURNITURE,"Warehouse 2","Aisle 2",100,19.99,"Supplier B","Out of Stock",25/04/2023
298,1103," gadget x ",FURNITURE,"Warehouse 2","Aisle 1",50,49.99,"Supplier A","Out of Stock",NULL
299,1792," widget b ",TOYS,"Warehouse 2","Aisle 1",NULL,29.99,"Supplier B","Out of Stock",NULL
300,1573," widget a ",ELECTRONICS,"Warehouse 2","Aisle 3",100,29.99,"Supplier A","Out of Stock",25/04/2023
301,1455," widget c ",TOYS,"Warehouse 2","Aisle 1",200,19.99,"Supplier D","In Stock",15/01/2023
302,1851," gadget y ",CLOTHING,"Warehouse 2","Aisle 4",150,49.99,"Supplier A","Low Stock",05/03/2023
303,1727," widget c ",FURNITURE,"Warehouse 2","Aisle 5",200,9.99,"Supplier A","In Stock",NULL
304,1410," gadget x ",CLOTHING,"Warehouse 1","Aisle 2",50,49.99,"Supplier B","Out of Stock",25/04/2023
305,1253," gadget y ",FURNITURE,"Warehouse 2","Aisle 5",NULL,29.99,"Supplier C","Out of Stock",15/01/2023
306,1804," gadget y ",CLOTHING,"Warehouse 2","Aisle 2",NULL,19.99,"Supplier B","Low Stock",15/01/2023
307,1226," gadget y ",FURNITURE,"Warehouse 1","Aisle 5",300,9.99,"Supplier C","Out of Stock",20/12/2022
308,1111," gadget x ",FURNITURE,"Warehouse 3","Aisle 5",200,9.99,"Supplier C","Out of Stock",15/01/2023
309,1648," gadget z ",ELECTRONICS,"Warehouse 2","Aisle 4",200,29.99,"Supplier C","In Stock",NULL
310,1317," gadget z ",CLOTHING,"Warehouse 2","Aisle 3",300,NULL,"Supplier B","In Stock",25/04/2023
311,1098," gadget x ",CLOTHING,"Warehouse 1","Aisle 3",50,19.99,"Supplier A","In Stock",05/03/2023
312,1676," widget a ",TOYS,"Warehouse 2","Aisle 3",300,49.99,"Supplier B","In Stock",NULL
313,1683," gadget z ",CLOTHING,"Warehouse 3","Aisle 5",300,NULL,"Supplier D","Low Stock",20/12/2022
314,1734," gadget x ",ELECTRONICS,"Warehouse 2","Aisle 3",150,9.99,"Supplier B","Low Stock",NULL
315,1224," gadget z ",ELECTRONICS,"Warehouse 1","Aisle 3",NULL,19.99,"Supplier D","In Stock",NULL
316,1565," widget b ",ELECTRONICS,"Warehouse 3","Aisle 2",100,19.99,"Supplier B","In Stock",25/04/2023
317,1818," gadget z ",TOYS,"Warehouse 3","Aisle 4",100,29.99,"Supplier D","In Stock",15/01/2023
318,1871," gadget z ",ELECTRONICS,"Warehouse 3","Aisle 4",300,NULL,"Supplier B","Low Stock",15/01/2023
319,1233," widget c ",TOYS,"Warehouse 2","Aisle 5",NULL,49.99,"Supplier A","Out of Stock",20/12/2022
320,1725," widget b ",FURNITURE,"Warehouse 2","Aisle 5",50,9.99,"Supplier A","Out of Stock",25/04/2023
321,1683," gadget z ",FURNITURE,"Warehouse 1","Aisle 5",NULL,29.99,"Supplier A","In Stock",15/01/2023
322,1986," gadget x ",CLOTHING,"Warehouse 3","Aisle 3",300,NULL,"Supplier D","In Stock",20/12/2022
323,1509," gadget x ",TOYS,"Warehouse 3","Aisle 2",300,29.99,"Supplier D","Low Stock",05/03/2023
324,1569," gadget y ",ELECTRONICS,"Warehouse 1","Aisle 4",50,29.99,"Supplier D","Out of Stock",25/04/2023
325,1546," gadget z ",ELECTRONICS,"Warehouse 2","Aisle 4",300,19.99,"Supplier A","Low Stock",NULL
326,1322," widget a ",TOYS,"Warehouse 1","Aisle 2",100,9.99,"Supplier A","In Stock",20/12/2022
327,1960," widget b ",CLOTHING,"Warehouse 1","Aisle 5",NULL,NULL,"Supplier A","Out of Stock",20/12/2022
328,1663," widget a ",ELECTRONICS,"Warehouse 1","Aisle 2",NULL,19.99,"Supplier D","Out of Stock",25/04/2023
329,1871," widget a ",FURNITURE,"Warehouse 2","Aisle 1",100,NULL,"Supplier B","Low Stock",20/12/2022
330,1974," widget b ",FURNITURE,"Warehouse 3","Aisle 5",100,49.99,"Supplier B","Low Stock",NULL
331,1685," gadget x ",CLOTHING,"Warehouse 1","Aisle 2",300,NULL,"Supplier D","In Stock",15/01/2023
332,1738," gadget y ",TOYS,"Warehouse 3","Aisle 1",50,49.99,"Supplier A","Low Stock",20/12/2022
333,1791," widget a ",FURNITURE,"Warehouse 3","Aisle 1",200,29.99,"Supplier A","Low Stock",NULL
334,1826," widget c ",ELECTRONICS,"Warehouse 2","Aisle 5",100,19.99,"Supplier B","In Stock",05/03/2023
335,1373," widget b ",TOYS,"Warehouse 2","Aisle 3",150,9.99,"Supplier A","Out of Stock",05/03/2023
336,1612," widget b ",FURNITURE,"Warehouse 1","Aisle 4",150,NULL,"Supplier B","Low Stock",NULL
337,1625," widget a ",CLOTHING,"Warehouse 3","Aisle 2",300,NULL,"Supplier A","In Stock",15/01/2023
338,1671," widget c ",TOYS,"Warehouse 3","Aisle 3",200,19.99,"Supplier A","Low Stock",NULL
339,1942," gadget z ",FURNITURE,"Warehouse 3","Aisle 1",100,19.99,"Supplier C","Low Stock",NULL
340,1472," gadget y ",ELECTRONICS,"Warehouse 1","Aisle 1",100,19.99,"Supplier A","Out of Stock",25/04/2023
341,1287," gadget x ",ELECTRONICS,"Warehouse 2","Aisle 3",50,49.99,"Supplier B","Out of Stock",15/01/2023
342,1607," gadget y ",CLOTHING,"Warehouse 3","Aisle 2",200,29.99,"Supplier A","Low Stock",15/01/2023
343,1461," widget c ",ELECTRONICS,"Warehouse 1","Aisle 2",100,9.99,"Supplier A","Low Stock",20/12/2022
344,1098," widget b ",ELECTRONICS,"Warehouse 2","Aisle 4",300,49.99,"Supplier C","Low Stock",25/04/2023
345,1942," gadget z ",FURNITURE,"Warehouse 3","Aisle 5",100,29.99,"Supplier C","Low Stock",NULL
346,1471," gadget x ",ELECTRONICS,"Warehouse 1","Aisle 1",150,NULL,"Supplier C","Low Stock",20/12/2022
347,1642," widget c ",ELECTRONICS,"Warehouse 3","Aisle 4",300,29.99,"Supplier D","Low Stock",NULL
348,1152," widget c ",FURNITURE,"Warehouse 3","Aisle 2",50,49.99,"Supplier D","Low Stock",NULL
349,1853," gadget z ",CLOTHING,"Warehouse 3","Aisle 3",NULL,9.99,"Supplier C","Low Stock",20/12/2022
350,1768," widget c ",FURNITURE,"Warehouse 1","Aisle 1",100,NULL,"Supplier B","Low Stock",15/01/2023
351,1662," gadget x ",TOYS,"Warehouse 2","Aisle 3",100,29.99,"Supplier C","Low Stock",NULL
352,1961," gadget y ",TOYS,"Warehouse 3","Aisle 5",NULL,19.99,"Supplier B","In Stock",05/03/2023
353,1004," gadget z ",CLOTHING,"Warehouse 1","Aisle 3",50,19.99,"Supplier B","Out of Stock",NULL
354,1638," widget a ",FURNITURE,"Warehouse 3","Aisle 5",300,29.99,"Supplier C","In Stock",05/03/2023
355,1154," widget a ",FURNITURE,"Warehouse 3","Aisle 4",300,NULL,"Supplier D","Out of Stock",05/03/2023
356,1217," widget c ",CLOTHING,"Warehouse 3","Aisle 3",50,29.99,"Supplier D","Low Stock",NULL
357,1489," gadget y ",ELECTRONICS,"Warehouse 1","Aisle 4",200,NULL,"Supplier D","Low Stock",25/04/2023
358,1502," gadget x ",TOYS,"Warehouse 1","Aisle 2",200,29.99,"Supplier A","In Stock",20/12/2022
359,1385," gadget z ",FURNITURE,"Warehouse 2","Aisle 3",100,49.99,"Supplier D","Low Stock",20/12/2022
360,1766," gadget y ",CLOTHING,"Warehouse 1","Aisle 4",200,49.99,"Supplier C","Out of Stock",15/01/2023
361,1985," widget c ",ELECTRONICS,"Warehouse 2","Aisle 3",150,49.99,"Supplier D","In Stock",20/12/2022
362,1860," widget c ",ELECTRONICS,"Warehouse 1","Aisle 3",150,NULL,"Supplier C","In Stock",05/03/2023
363,1397," widget b ",ELECTRONICS,"Warehouse 1","Aisle 4",100,29.99,"Supplier A","In Stock",05/03/2023
364,1913," widget c ",ELECTRONICS,"Warehouse 3","Aisle 4",150,29.99,"Supplier B","In Stock",15/01/2023
365,1870," widget b ",ELECTRONICS,"Warehouse 3","Aisle 4",150,19.99,"Supplier D","Low Stock",05/03/2023
366,1895," gadget x ",FURNITURE,"Warehouse 1","Aisle 4",300,NULL,"Supplier B","Out of Stock",15/01/2023
367,1794," gadget z ",CLOTHING,"Warehouse 3","Aisle 2",200,19.99,"Supplier B","In Stock",25/04/2023
368,1232," gadget y ",FURNITURE,"Warehouse 1","Aisle 2",150,19.99,"Supplier C","Out of Stock",15/01/2023
369,1392," widget c ",ELECTRONICS,"Warehouse 1","Aisle 4",200,NULL,"Supplier C","Low Stock",NULL
370,1691," gadget z ",CLOTHING,"Warehouse 3","Aisle 2",300,NULL,"Supplier A","In Stock",NULL
371,1112," widget b ",CLOTHING,"Warehouse 2","Aisle 4",NULL,9.99,"Supplier B","In Stock",NULL
372,1829," gadget z ",CLOTHING,"Warehouse 1","Aisle 4",150,49.99,"Supplier A","Out of Stock",20/12/2022
373,1206," widget c ",FURNITURE,"Warehouse 1","Aisle 3",50,NULL,"Supplier B","Low Stock",NULL
374,1496," gadget x ",FURNITURE,"Warehouse 1","Aisle 2",50,49.99,"Supplier C","In Stock",25/04/2023
375,1014," widget a ",FURNITURE,"Warehouse 3","Aisle 1",150,NULL,"Supplier D","Out of Stock",15/01/2023
376,1441," widget c ",CLOTHING,"Warehouse 2","Aisle 2",200,NULL,"Supplier B","Out of Stock",25/04/2023
377,1857," gadget y ",CLOTHING,"Warehouse 3","Aisle 3",300,29.99,"Supplier A","Out of Stock",05/03/2023
378,1563," gadget x ",FURNITURE,"Warehouse 1","Aisle 2",150,49.99,"Supplier C","In Stock",20/12/2022
379,1553," gadget x ",FURNITURE,"Warehouse 1","Aisle 3",100,29.99,"Supplier C","Low Stock",25/04/2023
380,1891," widget b ",FURNITURE,"Warehouse 1","Aisle 1",200,49.99,"Supplier B","Out of Stock",15/01/2023
381,1460," widget a ",TOYS,"Warehouse 1","Aisle 3",150,NULL,"Supplier B","In Stock",NULL
382,1690," widget a ",TOYS,"Warehouse 2","Aisle 2",150,9.99,"Supplier B","Out of Stock",05/03/2023
383,1574," gadget z ",FURNITURE,"Warehouse 3","Aisle 1",100,49.99,"Supplier A","Out of Stock",25/04/2023
384,1863," widget b ",CLOTHING,"Warehouse 2","Aisle 3",150,9.99,"Supplier C","In Stock",20/12/2022
385,1742," gadget z ",TOYS,"Warehouse 3","Aisle 5",150,29.99,"Supplier A","Out of Stock",05/03/2023
386,1240," gadget x ",ELECTRONICS,"Warehouse 3","Aisle 3",150,49.99,"Supplier A","Low Stock",25/04/2023
387,1563," widget a ",ELECTRONICS,"Warehouse 3","Aisle 2",200,49.99,"Supplier A","In Stock",15/01/2023
388,1095," widget a ",ELECTRONICS,"Warehouse 3","Aisle 4",100,19.99,"Supplier D","Low Stock",20/12/2022
389,1899," gadget y ",CLOTHING,"Warehouse 3","Aisle 3",150,29.99,"Supplier D","In Stock",25/04/2023
390,1784," widget c ",ELECTRONICS,"Warehouse 2","Aisle 1",300,49.99,"Supplier A","In Stock",25/04/2023
391,1057," gadget x ",ELECTRONICS,"Warehouse 3","Aisle 5",150,19.99,"Supplier D","In Stock",25/04/2023
392,1950," widget c ",FURNITURE,"Warehouse 1","Aisle 2",300,9.99,"Supplier D","Low Stock",NULL
393,1345," gadget x ",FURNITURE,"Warehouse 2","Aisle 4",NULL,29.99,"Supplier D","Out of Stock",15/01/2023
394,1103," widget c ",TOYS,"Warehouse 1","Aisle 1",300,9.99,"Supplier D","Out of Stock",15/01/2023
395,1740," widget b ",CLOTHING,"Warehouse 3","Aisle 2",200,NULL,"Supplier C","Out of Stock",20/12/2022
396,1928," gadget z ",TOYS,"Warehouse 1","Aisle 4",200,49.99,"Supplier C","Out of Stock",05/03/2023
397,1473," gadget z ",FURNITURE,"Warehouse 2","Aisle 3",NULL,19.99,"Supplier C","Out of Stock",NULL
398,1392," gadget z ",CLOTHING,"Warehouse 2","Aisle 4",NULL,9.99,"Supplier B","In Stock",05/03/2023
399,1116," gadget x ",TOYS,"Warehouse 3","Aisle 5",100,29.99,"Supplier D","In Stock",NULL
400,1810," gadget y ",TOYS,"Warehouse 1","Aisle 1",200,49.99,"Supplier C","Low Stock",15/01/2023
401,1245," widget a ",TOYS,"Warehouse 2","Aisle 1",100,9.99,"Supplier D","Out of Stock",NULL
402,1829," widget a ",FURNITURE,"Warehouse 3","Aisle 3",NULL,29.99,"Supplier A","In Stock",25/04/2023
403,1175," gadget y ",FURNITURE,"Warehouse 1","Aisle 2",50,29.99,"Supplier A","In Stock",NULL
404,1790," widget b ",FURNITURE,"Warehouse 1","Aisle 1",150,29.99,"Supplier A","Out of Stock",15/01/2023
405,1038," gadget y ",TOYS,"Warehouse 3","Aisle 2",50,29.99,"Supplier D","In Stock",20/12/2022
406,1476," gadget z ",CLOTHING,"Warehouse 3","Aisle 1",NULL,NULL,"Supplier B","Low Stock",25/04/2023
407,1681," widget c ",FURNITURE,"Warehouse 2","Aisle 2",300,9.99,"Supplier C","In Stock",20/12/2022
408,1758," widget b ",CLOTHING,"Warehouse 1","Aisle 5",NULL,19.99,"Supplier B","In Stock",NULL
409,1537," widget a ",TOYS,"Warehouse 1","Aisle 4",300,NULL,"Supplier B","Out of Stock",15/01/2023
410,1866," gadget z ",CLOTHING,"Warehouse 3","Aisle 4",300,29.99,"Supplier B","In Stock",20/12/2022
411,1817," widget c ",FURNITURE,"Warehouse 3","Aisle 1",50,9.99,"Supplier C","In Stock",05/03/2023
412,1267," widget a ",CLOTHING,"Warehouse 2","Aisle 5",50,19.99,"Supplier B","Low Stock",25/04/2023
413,1509," gadget x ",FURNITURE,"Warehouse 2","Aisle 4",50,NULL,"Supplier C","In Stock",05/03/2023
414,1806," widget a ",TOYS,"Warehouse 2","Aisle 2",50,29.99,"Supplier B","Out of Stock",25/04/2023
415,1385," gadget x ",TOYS,"Warehouse 3","Aisle 3",300,19.99,"Supplier B","Out of Stock",25/04/2023
416,1920," widget b ",ELECTRONICS,"Warehouse 1","Aisle 3",NULL,49.99,"Supplier D","Out of Stock",05/03/2023
417,1386," widget a ",TOYS,"Warehouse 3","Aisle 3",300,19.99,"Supplier B","Low Stock",25/04/2023
418,1407," widget b ",CLOTHING,"Warehouse 1","Aisle 1",200,19.99,"Supplier B","Low Stock",15/01/2023
419,1112," widget b ",TOYS,"Warehouse 3","Aisle 5",50,19.99,"Supplier B","Out of Stock",05/03/2023
420,1524," gadget z ",CLOTHING,"Warehouse 1","Aisle 2",300,29.99,"Supplier C","Low Stock",NULL
421,1126," gadget z ",FURNITURE,"Warehouse 3","Aisle 5",150,19.99,"Supplier C","Low Stock",20/12/2022
422,1827," gadget x ",FURNITURE,"Warehouse 1","Aisle 3",150,NULL,"Supplier A","Out of Stock",05/03/2023
423,1392," widget c ",ELECTRONICS,"Warehouse 2","Aisle 3",NULL,19.99,"Supplier C","Low Stock",NULL
424,1505," widget a ",FURNITURE,"Warehouse 1","Aisle 2",150,9.99,"Supplier C","Out of Stock",05/03/2023
425,1907," gadget z ",ELECTRONICS,"Warehouse 3","Aisle 4",150,49.99,"Supplier C","Out of Stock",20/12/2022
426,1612," gadget z ",TOYS,"Warehouse 2","Aisle 5",300,29.99,"Supplier D","In Stock",25/04/2023
427,1640," widget a ",TOYS,"Warehouse 3","Aisle 5",200,49.99,"Supplier D","Low Stock",05/03/2023
428,1057," widget b ",TOYS,"Warehouse 1","Aisle 5",300,9.99,"Supplier A","Out of Stock",NULL
429,1902," widget b ",CLOTHING,"Warehouse 1","Aisle 5",200,19.99,"Supplier A","Low Stock",25/04/2023
430,1633," widget c ",ELECTRONICS,"Warehouse 3","Aisle 2",NULL,19.99,"Supplier C","Low Stock",NULL
431,1624," gadget z ",CLOTHING,"Warehouse 2","Aisle 1",NULL,9.99,"Supplier C","In Stock",05/03/2023
432,1824," gadget z ",TOYS,"Warehouse 2","Aisle 2",150,9.99,"Supplier C","Low Stock",20/12/2022
433,1512," widget a ",TOYS,"Warehouse 3","Aisle 4",200,19.99,"Supplier C","Out of Stock",05/03/2023
434,1951," gadget y ",CLOTHING,"Warehouse 3","Aisle 1",50,49.99,"Supplier C","Low Stock",20/12/2022
435,1877," gadget x ",FURNITURE,"Warehouse 2","Aisle 4",200,NULL,"Supplier A","Out of Stock",25/04/2023
436,1750," gadget z ",ELECTRONICS,"Warehouse 2","Aisle 1",300,19.99,"Supplier B","Low Stock",25/04/2023
437,1080," gadget z ",CLOTHING,"Warehouse 1","Aisle 1",NULL,NULL,"Supplier D","Out of Stock",15/01/2023
438,1035," gadget z ",CLOTHING,"Warehouse 1","Aisle 5",100,49.99,"Supplier D","Low Stock",NULL
439,1801," widget a ",CLOTHING,"Warehouse 1","Aisle 3",300,49.99,"Supplier D","In Stock",NULL
440,1698," widget c ",FURNITURE,"Warehouse 2","Aisle 5",NULL,9.99,"Supplier B","Low Stock",20/12/2022
441,1684," widget c ",FURNITURE,"Warehouse 3","Aisle 5",300,NULL,"Supplier B","Low Stock",20/12/2022
442,1095," widget b ",FURNITURE,"Warehouse 1","Aisle 2",200,29.99,"Supplier B","Out of Stock",20/12/2022
443,1112," gadget x ",FURNITURE,"Warehouse 1","Aisle 5",50,NULL,"Supplier B","In Stock",15/01/2023
444,1019," gadget x ",ELECTRONICS,"Warehouse 2","Aisle 2",200,9.99,"Supplier D","Low Stock",NULL
445,1637," gadget y ",FURNITURE,"Warehouse 1","Aisle 3",50,NULL,"Supplier A","Out of Stock",15/01/2023
446,1320," widget a ",ELECTRONICS,"Warehouse 1","Aisle 2",NULL,29.99,"Supplier C","Out of Stock",05/03/2023
447,1117," widget a ",TOYS,"Warehouse 3","Aisle 1",NULL,49.99,"Supplier B","Low Stock",20/12/2022
448,1001," gadget y ",FURNITURE,"Warehouse 1","Aisle 5",200,49.99,"Supplier C","Low Stock",20/12/2022
449,1559," widget a ",ELECTRONICS,"Warehouse 1","Aisle 1",300,19.99,"Supplier B","Out of Stock",25/04/2023
450,1641," widget c ",FURNITURE,"Warehouse 2","Aisle 3",50,29.99,"Supplier D","Out of Stock",15/01/2023
451,1600," gadget z ",ELECTRONICS,"Warehouse 3","Aisle 5",300,49.99,"Supplier B","Out of Stock",15/01/2023
452,1775," gadget y ",TOYS,"Warehouse 3","Aisle 5",300,NULL,"Supplier B","In Stock",25/04/2023
453,1487," gadget z ",TOYS,"Warehouse 3","Aisle 1",150,9.99,"Supplier D","Out of Stock",20/12/2022
454,1511," widget c ",CLOTHING,"Warehouse 2","Aisle 3",200,29.99,"Supplier A","Low Stock",20/12/2022
455,1236," widget c ",ELECTRONICS,"Warehouse 2","Aisle 3",300,19.99,"Supplier A","In Stock",20/12/2022
456,1399," widget b ",ELECTRONICS,"Warehouse 3","Aisle 5",50,9.99,"Supplier C","Low Stock",05/03/2023
457,1219," widget c ",TOYS,"Warehouse 2","Aisle 5",50,19.99,"Supplier B","Low Stock",15/01/2023
458,1337," widget b ",CLOTHING,"Warehouse 3","Aisle 5",200,9.99,"Supplier D","Low Stock",25/04/2023
459,1884," gadget z ",CLOTHING,"Warehouse 2","Aisle 4",200,9.99,"Supplier B","In Stock",05/03/2023
460,1565," widget a ",TOYS,"Warehouse 1","Aisle 3",300,19.99,"Supplier B","Out of Stock",NULL
461,1896," gadget x ",FURNITURE,"Warehouse 2","Aisle 4",300,19.99,"Supplier D","Low Stock",25/04/2023
462,1854," gadget z ",TOYS,"Warehouse 1","Aisle 1",50,29.99,"Supplier B","Out of Stock",15/01/2023
463,1653," widget b ",CLOTHING,"Warehouse 1","Aisle 4",NULL,NULL,"Supplier B","In Stock",NULL
464,1271," widget b ",TOYS,"Warehouse 2","Aisle 5",50,49.99,"Supplier A","In Stock",05/03/2023
465,1996," widget b ",ELECTRONICS,"Warehouse 3","Aisle 1",200,9.99,"Supplier A","In Stock",15/01/2023
466,1188," widget b ",TOYS,"Warehouse 2","Aisle 3",NULL,29.99,"Supplier C","Low Stock",15/01/2023
467,1705," widget c ",ELECTRONICS,"Warehouse 1","Aisle 4",50,49.99,"Supplier B","Out of Stock",20/12/2022
468,1998," gadget y ",ELECTRONICS,"Warehouse 3","Aisle 3",NULL,NULL,"Supplier B","In Stock",05/03/2023
469,1821," widget c ",TOYS,"Warehouse 3","Aisle 1",100,NULL,"Supplier B","Out of Stock",25/04/2023
470,1735," widget b ",CLOTHING,"Warehouse 3","Aisle 1",300,9.99,"Supplier D","In Stock",NULL
471,1703," gadget y ",TOYS,"Warehouse 3","Aisle 1",300,9.99,"Supplier A","Low Stock",25/04/2023
472,1162," gadget y ",FURNITURE,"Warehouse 3","Aisle 4",300,9.99,"Supplier D","Low Stock",20/12/2022
473,1446," widget b ",CLOTHING,"Warehouse 1","Aisle 3",100,49.99,"Supplier B","In Stock",NULL
474,1719," gadget x ",CLOTHING,"Warehouse 3","Aisle 5",150,29.99,"Supplier C","Out of Stock",15/01/2023
475,1971," widget c ",FURNITURE,"Warehouse 1","Aisle 5",50,29.99,"Supplier A","In Stock",20/12/2022
476,1956," widget c ",TOYS,"Warehouse 3","Aisle 4",300,NULL,"Supplier D","Out of Stock",20/12/2022
477,1882," gadget z ",ELECTRONICS,"Warehouse 1","Aisle 3",300,49.99,"Supplier A","In Stock",20/12/2022
478,1680," gadget z ",ELECTRONICS,"Warehouse 1","Aisle 3",50,49.99,"Supplier C","Low Stock",20/12/2022
479,1995," widget b ",CLOTHING,"Warehouse 2","Aisle 3",NULL,NULL,"Supplier B","Low Stock",NULL
480,1470," widget b ",TOYS,"Warehouse 1","Aisle 4",NULL,49.99,"Supplier D","In Stock",05/03/2023
481,1580," gadget y ",ELECTRONICS,"Warehouse 3","Aisle 2",100,29.99,"Supplier C","In Stock",NULL
482,1160," gadget z ",FURNITURE,"Warehouse 1","Aisle 5",NULL,29.99,"Supplier B","In Stock",25/04/2023
483,1142," gadget x ",FURNITURE,"Warehouse 2","Aisle 1",150,9.99,"Supplier C","In Stock",20/12/2022
484,1789," widget c ",ELECTRONICS,"Warehouse 3","Aisle 1",200,49.99,"Supplier A","Low Stock",15/01/2023
485,1579," gadget z ",TOYS,"Warehouse 1","Aisle 1",50,NULL,"Supplier B","Low Stock",20/12/2022
486,1091," widget a ",TOYS,"Warehouse 2","Aisle 1",200,NULL,"Supplier A","In Stock",25/04/2023
487,1860," gadget z ",ELECTRONICS,"Warehouse 2","Aisle 2",100,9.99,"Supplier D","Out of Stock",NULL
488,1353," gadget x ",FURNITURE,"Warehouse 3","Aisle 3",300,19.99,"Supplier B","Out of Stock",25/04/2023
489,1246," widget b ",ELECTRONICS,"Warehouse 3","Aisle 5",200,NULL,"Supplier A","Out of Stock",05/03/2023
490,1962," gadget y ",CLOTHING,"Warehouse 2","Aisle 4",150,49.99,"Supplier D","In Stock",15/01/2023
491,1833," widget b ",ELECTRONICS,"Warehouse 1","Aisle 5",100,NULL,"Supplier A","In Stock",05/03/2023
492,1075," widget b ",ELECTRONICS,"Warehouse 1","Aisle 5",200,19.99,"Supplier A","Low Stock",25/04/2023
493,1153," gadget x ",TOYS,"Warehouse 1","Aisle 4",100,29.99,"Supplier D","Out of Stock",15/01/2023
494,1224," gadget y ",FURNITURE,"Warehouse 2","Aisle 2",100,NULL,"Supplier B","In Stock",25/04/2023
495,1655," widget a ",CLOTHING,"Warehouse 3","Aisle 5",300,49.99,"Supplier C","Low Stock",15/01/2023
496,1384," widget b ",FURNITURE,"Warehouse 3","Aisle 2",100,29.99,"Supplier A","Out of Stock",25/04/2023
497,1434," gadget z ",FURNITURE,"Warehouse 1","Aisle 3",150,29.99,"Supplier C","Out of Stock",20/12/2022
498,1996," widget b ",FURNITURE,"Warehouse 3","Aisle 2",100,19.99,"Supplier C","Low Stock",20/12/2022
499,1085," widget a ",TOYS,"Warehouse 1","Aisle 4",200,NULL,"Supplier A","In Stock",15/01/2023
500,1402," gadget x ",TOYS,"Warehouse 3","Aisle 4",NULL,9.99,"Supplier D","Low Stock",NULL
501,1696," gadget y ",TOYS,"Warehouse 2","Aisle 1",50,NULL,"Supplier C","Low Stock",NULL
502,1637," widget b ",FURNITURE,"Warehouse 3","Aisle 4",NULL,29.99,"Supplier B","Out of Stock",05/03/2023
503,1284," widget a ",CLOTHING,"Warehouse 2","Aisle 2",NULL,19.99,"Supplier B","Out of Stock",20/12/2022
504,1129," gadget y ",FURNITURE,"Warehouse 3","Aisle 4",200,49.99,"Supplier C","In Stock",15/01/2023
505,1973," gadget z ",FURNITURE,"Warehouse 2","Aisle 1",100,29.99,"Supplier C","In Stock",25/04/2023
506,1219," widget b ",FURNITURE,"Warehouse 2","Aisle 2",200,49.99,"Supplier D","Low Stock",05/03/2023
507,1068," gadget x ",FURNITURE,"Warehouse 3","Aisle 2",150,19.99,"Supplier D","Out of Stock",20/12/2022
508,1046," gadget y ",FURNITURE,"Warehouse 1","Aisle 5",100,9.99,"Supplier D","In Stock",15/01/2023
509,1800," widget b ",FURNITURE,"Warehouse 1","Aisle 1",150,49.99,"Supplier A","In Stock",15/01/2023
510,1093," widget b ",FURNITURE,"Warehouse 3","Aisle 4",100,29.99,"Supplier A","Low Stock",NULL
511,1749," gadget z ",ELECTRONICS,"Warehouse 2","Aisle 4",NULL,NULL,"Supplier B","Out of Stock",05/03/2023
512,1957," gadget y ",TOYS,"Warehouse 3","Aisle 2",200,19.99,"Supplier C","Low Stock",20/12/2022
513,1397," gadget z ",ELECTRONICS,"Warehouse 2","Aisle 2",50,9.99,"Supplier A","Out of Stock",05/03/2023
514,1799," gadget y ",TOYS,"Warehouse 3","Aisle 2",NULL,49.99,"Supplier A","In Stock",NULL
515,1052," widget b ",CLOTHING,"Warehouse 1","Aisle 2",150,19.99,"Supplier A","In Stock",15/01/2023
516,1276," widget c ",TOYS,"Warehouse 3","Aisle 5",150,49.99,"Supplier A","Low Stock",20/12/2022
517,1683," gadget x ",TOYS,"Warehouse 2","Aisle 2",100,19.99,"Supplier A","Low Stock",NULL
518,1729," widget a ",CLOTHING,"Warehouse 3","Aisle 4",NULL,19.99,"Supplier B","In Stock",NULL
519,1452," widget c ",ELECTRONICS,"Warehouse 1","Aisle 3",50,NULL,"Supplier B","Low Stock",NULL
520,1671," gadget y ",ELECTRONICS,"Warehouse 1","Aisle 4",100,29.99,"Supplier B","In Stock",05/03/2023
521,1726," widget a ",TOYS,"Warehouse 2","Aisle 3",NULL,29.99,"Supplier D","Out of Stock",05/03/2023
522,1203," widget a ",FURNITURE,"Warehouse 3","Aisle 3",150,29.99,"Supplier B","In Stock",NULL
523,1815," gadget x ",ELECTRONICS,"Warehouse 3","Aisle 4",200,9.99,"Supplier D","Low Stock",25/04/2023
524,1958," widget a ",FURNITURE,"Warehouse 1","Aisle 4",300,19.99,"Supplier D","In Stock",25/04/2023
525,1911," gadget z ",CLOTHING,"Warehouse 1","Aisle 1",200,NULL,"Supplier D","In Stock",NULL
526,1915," widget b ",ELECTRONICS,"Warehouse 3","Aisle 5",50,19.99,"Supplier B","Low Stock",NULL
527,1853," widget c ",TOYS,"Warehouse 1","Aisle 4",300,9.99,"Supplier B","Low Stock",15/01/2023
528,1709," widget a ",ELECTRONICS,"Warehouse 1","Aisle 5",200,29.99,"Supplier A","In Stock",25/04/2023
529,1217," widget c ",CLOTHING,"Warehouse 3","Aisle 1",150,19.99,"Supplier D","Out of Stock",15/01/2023
530,1503," gadget y ",CLOTHING,"Warehouse 2","Aisle 2",150,49.99,"Supplier B","Out of Stock",15/01/2023
531,1050," widget c ",FURNITURE,"Warehouse 2","Aisle 1",50,19.99,"Supplier D","Low Stock",15/01/2023
532,1415," widget a ",ELECTRONICS,"Warehouse 1","Aisle 4",200,NULL,"Supplier C","Low Stock",20/12/2022
533,1895," gadget z ",FURNITURE,"Warehouse 3","Aisle 5",50,49.99,"Supplier D","In Stock",NULL
534,1664," gadget y ",FURNITURE,"Warehouse 2","Aisle 4",150,9.99,"Supplier A","In Stock",20/12/2022
535,1246," widget a ",TOYS,"Warehouse 3","Aisle 5",150,19.99,"Supplier C","Out of Stock",25/04/2023
536,1835," widget c ",FURNITURE,"Warehouse 3","Aisle 3",150,NULL,"Supplier D","In Stock",15/01/2023
537,1697," gadget z ",FURNITURE,"Warehouse 2","Aisle 3",50,19.99,"Supplier A","Out of Stock",20/12/2022
538,1391," widget b ",TOYS,"Warehouse 2","Aisle 5",50,29.99,"Supplier A","Out of Stock",05/03/2023
539,1438," gadget z ",TOYS,"Warehouse 2","Aisle 2",300,19.99,"Supplier B","Low Stock",NULL
540,1134," widget a ",ELECTRONICS,"Warehouse 3","Aisle 2",150,NULL,"Supplier D","Out of Stock",20/12/2022
541,1202," widget c ",TOYS,"Warehouse 3","Aisle 4",200,NULL,"Supplier C","In Stock",05/03/2023
542,1194," widget a ",ELECTRONICS,"Warehouse 3","Aisle 1",150,9.99,"Supplier A","Low Stock",20/12/2022
543,1574," widget a ",FURNITURE,"Warehouse 2","Aisle 4",50,9.99,"Supplier D","Low Stock",15/01/2023
544,1183," gadget z ",FURNITURE,"Warehouse 3","Aisle 2",NULL,NULL,"Supplier D","Low Stock",25/04/2023
545,1189," gadget y ",ELECTRONICS,"Warehouse 2","Aisle 3",150,9.99,"Supplier A","Out of Stock",25/04/2023
546,1124," widget c ",FURNITURE,"Warehouse 1","Aisle 2",100,19.99,"Supplier A","Low Stock",20/12/2022
547,1400," gadget x ",TOYS,"Warehouse 1","Aisle 4",100,9.99,"Supplier B","In Stock",25/04/2023
548,1149," widget c ",CLOTHING,"Warehouse 2","Aisle 1",50,19.99,"Supplier B","In Stock",05/03/2023
549,1122," widget a ",CLOTHING,"Warehouse 1","Aisle 2",100,49.99,"Supplier C","In Stock",05/03/2023
550,1639," widget c ",ELECTRONICS,"Warehouse 2","Aisle 2",50,29.99,"Supplier C","Out of Stock",20/12/2022
551,1313," widget a ",TOYS,"Warehouse 1","Aisle 4",50,9.99,"Supplier D","Out of Stock",05/03/2023
552,1032," gadget x ",CLOTHING,"Warehouse 1","Aisle 3",NULL,29.99,"Supplier A","Low Stock",15/01/2023
553,1569," gadget x ",CLOTHING,"Warehouse 1","Aisle 3",NULL,49.99,"Supplier A","Out of Stock",25/04/2023
554,1400," gadget y ",ELECTRONICS,"Warehouse 2","Aisle 2",50,NULL,"Supplier B","Low Stock",25/04/2023
555,1766," gadget z ",CLOTHING,"Warehouse 3","Aisle 3",150,29.99,"Supplier D","In Stock",15/01/2023
556,1293," gadget x ",ELECTRONICS,"Warehouse 3","Aisle 1",50,NULL,"Supplier D","Out of Stock",20/12/2022
557,1473," widget b ",FURNITURE,"Warehouse 1","Aisle 5",100,29.99,"Supplier D","In Stock",25/04/2023
558,1341," widget b ",ELECTRONICS,"Warehouse 2","Aisle 5",150,19.99,"Supplier D","Out of Stock",20/12/2022
559,1431," gadget x ",FURNITURE,"Warehouse 1","Aisle 2",NULL,9.99,"Supplier A","Out of Stock",NULL
560,1304," widget c ",CLOTHING,"Warehouse 2","Aisle 1",200,NULL,"Supplier B","Low Stock",05/03/2023
561,1340," gadget y ",CLOTHING,"Warehouse 2","Aisle 1",NULL,19.99,"Supplier B","Low Stock",05/03/2023
562,1691," gadget z ",TOYS,"Warehouse 1","Aisle 2",100,29.99,"Supplier D","Low Stock",20/12/2022
563,1279," gadget x ",TOYS,"Warehouse 1","Aisle 4",NULL,19.99,"Supplier D","In Stock",05/03/2023
564,1550," widget a ",ELECTRONICS,"Warehouse 1","Aisle 1",300,49.99,"Supplier B","Low Stock",20/12/2022
565,1681," gadget z ",CLOTHING,"Warehouse 2","Aisle 3",100,9.99,"Supplier A","Low Stock",20/12/2022
566,1836," widget b ",ELECTRONICS,"Warehouse 1","Aisle 1",150,NULL,"Supplier C","Low Stock",05/03/2023
567,1687," gadget x ",CLOTHING,"Warehouse 1","Aisle 1",50,NULL,"Supplier B","Out of Stock",05/03/2023
568,1611," gadget y ",ELECTRONICS,"Warehouse 2","Aisle 2",50,19.99,"Supplier A","Out of Stock",05/03/2023
569,1837," widget c ",ELECTRONICS,"Warehouse 2","Aisle 2",150,9.99,"Supplier D","In Stock",05/03/2023
570,1883," gadget z ",TOYS,"Warehouse 3","Aisle 1",50,9.99,"Supplier B","In Stock",20/12/2022
571,1459," gadget x ",CLOTHING,"Warehouse 1","Aisle 3",50,NULL,"Supplier B","Out of Stock",NULL
572,1288," widget b ",FURNITURE,"Warehouse 2","Aisle 5",NULL,29.99,"Supplier A","Low Stock",15/01/2023
573,1782," gadget x ",FURNITURE,"Warehouse 2","Aisle 2",300,29.99,"Supplier A","Low Stock",15/01/2023
574,1954," gadget x ",CLOTHING,"Warehouse 2","Aisle 1",150,49.99,"Supplier C","Low Stock",05/03/2023
575,1253," gadget y ",ELECTRONICS,"Warehouse 2","Aisle 1",100,19.99,"Supplier A","In Stock",15/01/2023
576,1882," gadget y ",ELECTRONICS,"Warehouse 2","Aisle 4",50,19.99,"Supplier B","Low Stock",20/12/2022
577,1733," widget a ",CLOTHING,"Warehouse 3","Aisle 5",50,9.99,"Supplier B","Low Stock",05/03/2023
578,1053," gadget x ",CLOTHING,"Warehouse 3","Aisle 4",300,49.99,"Supplier A","In Stock",05/03/2023
579,1356," widget b ",ELECTRONICS,"Warehouse 3","Aisle 4",200,9.99,"Supplier B","In Stock",25/04/2023
580,1609," gadget y ",CLOTHING,"Warehouse 2","Aisle 1",NULL,19.99,"Supplier D","Out of Stock",05/03/2023
581,1022," gadget y ",FURNITURE,"Warehouse 3","Aisle 5",NULL,49.99,"Supplier D","Out of Stock",15/01/2023
582,1197," widget c ",TOYS,"Warehouse 2","Aisle 2",100,9.99,"Supplier A","In Stock",05/03/2023
583,1469," gadget y ",TOYS,"Warehouse 3","Aisle 4",300,NULL,"Supplier B","In Stock",NULL
584,1761," gadget x ",CLOTHING,"Warehouse 3","Aisle 3",50,NULL,"Supplier D","Out of Stock",15/01/2023
585,1981," widget a ",CLOTHING,"Warehouse 1","Aisle 5",NULL,19.99,"Supplier B","Low Stock",25/04/2023
586,1443," gadget y ",ELECTRONICS,"Warehouse 1","Aisle 4",NULL,29.99,"Supplier A","Out of Stock",25/04/2023
587,1374," widget b ",TOYS,"Warehouse 1","Aisle 5",50,29.99,"Supplier A","Out of Stock",25/04/2023
588,1906," widget b ",FURNITURE,"Warehouse 1","Aisle 2",300,29.99,"Supplier A","Low Stock",25/04/2023
589,1612," gadget z ",ELECTRONICS,"Warehouse 3","Aisle 3",NULL,19.99,"Supplier B","Out of Stock",NULL
590,1510," gadget x ",FURNITURE,"Warehouse 3","Aisle 2",150,29.99,"Supplier A","Out of Stock",20/12/2022
591,1992," gadget y ",TOYS,"Warehouse 2","Aisle 5",150,29.99,"Supplier D","In Stock",05/03/2023
592,1751," widget c ",FURNITURE,"Warehouse 1","Aisle 1",200,29.99,"Supplier D","Low Stock",15/01/2023
593,1021," widget a ",TOYS,"Warehouse 3","Aisle 3",300,NULL,"Supplier A","Low Stock",05/03/2023
594,1749," gadget x ",TOYS,"Warehouse 1","Aisle 1",NULL,9.99,"Supplier C","Low Stock",NULL
595,1669," widget b ",FURNITURE,"Warehouse 2","Aisle 4",150,19.99,"Supplier C","In Stock",NULL
596,1143," widget c ",TOYS,"Warehouse 3","Aisle 2",100,9.99,"Supplier D","In Stock",05/03/2023
597,1037," widget a ",TOYS,"Warehouse 2","Aisle 2",50,49.99,"Supplier B","In Stock",NULL
598,1229," gadget z ",FURNITURE,"Warehouse 2","Aisle 4",300,9.99,"Supplier A","Low Stock",15/01/2023
599,1608," widget a ",FURNITURE,"Warehouse 2","Aisle 1",50,49.99,"Supplier C","In Stock",15/01/2023
600,1200," gadget z ",ELECTRONICS,"Warehouse 2","Aisle 5",150,19.99,"Supplier C","In Stock",20/12/2022
601,1364," widget c ",FURNITURE,"Warehouse 1","Aisle 2",300,9.99,"Supplier C","In Stock",05/03/2023
602,1123," gadget x ",CLOTHING,"Warehouse 3","Aisle 4",200,29.99,"Supplier C","Low Stock",20/12/2022
603,1186," gadget y ",CLOTHING,"Warehouse 1","Aisle 1",NULL,19.99,"Supplier B","In Stock",25/04/2023
604,1325," widget c ",ELECTRONICS,"Warehouse 2","Aisle 5",200,9.99,"Supplier C","In Stock",05/03/2023
605,1562," gadget y ",CLOTHING,"Warehouse 2","Aisle 1",300,19.99,"Supplier C","Low Stock",NULL
606,1521," gadget z ",ELECTRONICS,"Warehouse 1","Aisle 3",100,29.99,"Supplier B","Low Stock",05/03/2023
607,1437," gadget z ",FURNITURE,"Warehouse 1","Aisle 4",200,49.99,"Supplier D","Out of Stock",05/03/2023
608,1757," widget b ",TOYS,"Warehouse 1","Aisle 5",300,29.99,"Supplier D","Low Stock",15/01/2023
609,1463," widget a ",TOYS,"Warehouse 1","Aisle 4",150,49.99,"Supplier A","In Stock",NULL
610,1775," widget a ",ELECTRONICS,"Warehouse 3","Aisle 4",100,29.99,"Supplier C","In Stock",NULL
611,1348," gadget y ",TOYS,"Warehouse 2","Aisle 3",150,9.99,"Supplier C","Out of Stock",20/12/2022
612,1263," gadget z ",TOYS,"Warehouse 3","Aisle 3",NULL,9.99,"Supplier B","Low Stock",20/12/2022
613,1282," gadget z ",FURNITURE,"Warehouse 1","Aisle 1",NULL,49.99,"Supplier B","Out of Stock",25/04/2023
614,1052," widget b ",CLOTHING,"Warehouse 2","Aisle 5",100,29.99,"Supplier D","In Stock",20/12/2022
615,1026," widget c ",CLOTHING,"Warehouse 3","Aisle 4",50,NULL,"Supplier A","Out of Stock",25/04/2023
616,1225," widget a ",FURNITURE,"Warehouse 1","Aisle 2",200,9.99,"Supplier C","Out of Stock",25/04/2023
617,1770," gadget z ",CLOTHING,"Warehouse 3","Aisle 1",300,19.99,"Supplier D","Low Stock",05/03/2023
618,1659," gadget x ",FURNITURE,"Warehouse 3","Aisle 1",300,49.99,"Supplier C","Low Stock",15/01/2023
619,1763," gadget z ",TOYS,"Warehouse 3","Aisle 3",200,49.99,"Supplier B","Low Stock",25/04/2023
620,1954," widget c ",TOYS,"Warehouse 2","Aisle 3",NULL,9.99,"Supplier B","Out of Stock",15/01/2023
621,1276," gadget z ",ELECTRONICS,"Warehouse 3","Aisle 4",50,NULL,"Supplier D","Low Stock",20/12/2022
622,1797," gadget y ",ELECTRONICS,"Warehouse 2","Aisle 3",50,29.99,"Supplier A","Out of Stock",NULL
623,1608," gadget y ",ELECTRONICS,"Warehouse 3","Aisle 5",150,NULL,"Supplier C","Out of Stock",20/12/2022
624,1931," gadget y ",ELECTRONICS,"Warehouse 1","Aisle 1",200,29.99,"Supplier A","Low Stock",20/12/2022
625,1283," widget b ",CLOTHING,"Warehouse 2","Aisle 2",150,49.99,"Supplier D","Out of Stock",05/03/2023
626,1402," gadget y ",ELECTRONICS,"Warehouse 1","Aisle 3",150,19.99,"Supplier B","Out of Stock",20/12/2022
627,1878," gadget z ",CLOTHING,"Warehouse 2","Aisle 3",150,NULL,"Supplier C","Low Stock",20/12/2022
628,1345," gadget y ",FURNITURE,"Warehouse 1","Aisle 2",150,NULL,"Supplier C","Out of Stock",15/01/2023
629,1959," gadget x ",TOYS,"Warehouse 3","Aisle 1",200,29.99,"Supplier A","Out of Stock",05/03/2023
630,1836," gadget z ",CLOTHING,"Warehouse 3","Aisle 3",150,NULL,"Supplier A","In Stock",25/04/2023
631,1480," gadget z ",CLOTHING,"Warehouse 1","Aisle 2",50,29.99,"Supplier A","Out of Stock",05/03/2023
632,1099," widget b ",CLOTHING,"Warehouse 1","Aisle 4",150,9.99,"Supplier C","In Stock",25/04/2023
633,1801," gadget x ",TOYS,"Warehouse 1","Aisle 2",100,9.99,"Supplier D","Low Stock",25/04/2023
634,1179," gadget z ",TOYS,"Warehouse 2","Aisle 3",100,19.99,"Supplier B","Low Stock",20/12/2022
635,1452," widget a ",ELECTRONICS,"Warehouse 1","Aisle 5",100,29.99,"Supplier A","In Stock",05/03/2023
636,1222," widget c ",CLOTHING,"Warehouse 2","Aisle 3",150,49.99,"Supplier D","Out of Stock",25/04/2023
637,1828," widget a ",ELECTRONICS,"Warehouse 1","Aisle 5",NULL,49.99,"Supplier B","Low Stock",20/12/2022
638,1905," widget a ",TOYS,"Warehouse 2","Aisle 5",300,49.99,"Supplier D","Out of Stock",25/04/2023
639,1815," gadget z ",CLOTHING,"Warehouse 1","Aisle 1",150,29.99,"Supplier C","Out of Stock",NULL
640,1761," widget c ",FURNITURE,"Warehouse 2","Aisle 4",50,49.99,"Supplier D","Out of Stock",20/12/2022
641,1658," widget c ",FURNITURE,"Warehouse 1","Aisle 1",150,9.99,"Supplier B","In Stock",20/12/2022
642,1658," gadget y ",FURNITURE,"Warehouse 1","Aisle 2",150,19.99,"Supplier C","Low Stock",NULL
643,1571," widget b ",FURNITURE,"Warehouse 3","Aisle 2",100,NULL,"Supplier B","Out of Stock",05/03/2023
644,1515," gadget y ",CLOTHING,"Warehouse 2","Aisle 2",50,29.99,"Supplier A","Low Stock",NULL
645,1441," gadget x ",FURNITURE,"Warehouse 3","Aisle 5",100,49.99,"Supplier A","Low Stock",15/01/2023
646,1619," widget a ",ELECTRONICS,"Warehouse 2","Aisle 1",200,19.99,"Supplier C","Out of Stock",NULL
647,1825," widget c ",TOYS,"Warehouse 3","Aisle 2",100,29.99,"Supplier D","In Stock",05/03/2023
648,1500," widget a ",TOYS,"Warehouse 2","Aisle 5",100,19.99,"Supplier D","Low Stock",20/12/2022
649,1546," widget a ",CLOTHING,"Warehouse 1","Aisle 4",50,NULL,"Supplier D","Low Stock",NULL
650,1625," gadget y ",CLOTHING,"Warehouse 3","Aisle 1",150,NULL,"Supplier B","Low Stock",05/03/2023
651,1004," gadget y ",CLOTHING,"Warehouse 3","Aisle 3",300,29.99,"Supplier A","In Stock",05/03/2023
652,1191," gadget y ",ELECTRONICS,"Warehouse 2","Aisle 1",200,NULL,"Supplier C","Low Stock",05/03/2023
653,1492," widget a ",ELECTRONICS,"Warehouse 3","Aisle 3",100,29.99,"Supplier D","In Stock",25/04/2023
654,1102," widget c ",ELECTRONICS,"Warehouse 3","Aisle 3",150,9.99,"Supplier A","Low Stock",NULL
655,1074," widget b ",FURNITURE,"Warehouse 1","Aisle 3",200,9.99,"Supplier D","Out of Stock",15/01/2023
656,1195," gadget y ",ELECTRONICS,"Warehouse 3","Aisle 5",50,19.99,"Supplier B","Low Stock",NULL
657,1412," widget a ",ELECTRONICS,"Warehouse 3","Aisle 1",200,29.99,"Supplier B","Out of Stock",NULL
658,1773," widget c ",FURNITURE,"Warehouse 1","Aisle 2",300,9.99,"Supplier C","In Stock",25/04/2023
659,1048," widget a ",TOYS,"Warehouse 2","Aisle 4",200,NULL,"Supplier B","Low Stock",20/12/2022
660,1375," widget a ",FURNITURE,"Warehouse 1","Aisle 3",50,NULL,"Supplier D","Low Stock",15/01/2023
661,1511," widget b ",ELECTRONICS,"Warehouse 2","Aisle 3",150,49.99,"Supplier C","Low Stock",NULL
662,1419," gadget x ",CLOTHING,"Warehouse 1","Aisle 4",150,NULL,"Supplier C","Out of Stock",25/04/2023
663,1876," gadget x ",FURNITURE,"Warehouse 3","Aisle 2",50,49.99,"Supplier A","In Stock",20/12/2022
664,1016," gadget x ",TOYS,"Warehouse 3","Aisle 5",50,NULL,"Supplier D","Low Stock",25/04/2023
665,1991," gadget y ",CLOTHING,"Warehouse 1","Aisle 5",200,NULL,"Supplier D","Low Stock",20/12/2022
666,1171," widget a ",ELECTRONICS,"Warehouse 3","Aisle 4",100,49.99,"Supplier B","Out of Stock",NULL
667,1883," gadget x ",FURNITURE,"Warehouse 2","Aisle 2",200,49.99,"Supplier B","Out of Stock",NULL
668,1219," gadget y ",CLOTHING,"Warehouse 2","Aisle 5",NULL,49.99,"Supplier A","Out of Stock",25/04/2023
669,1157," widget b ",ELECTRONICS,"Warehouse 3","Aisle 4",50,29.99,"Supplier B","Out of Stock",20/12/2022
670,1349," widget b ",FURNITURE,"Warehouse 3","Aisle 4",NULL,NULL,"Supplier A","In Stock",20/12/2022
671,1476," widget a ",ELECTRONICS,"Warehouse 1","Aisle 3",50,9.99,"Supplier C","Out of Stock",20/12/2022
672,1046," widget b ",CLOTHING,"Warehouse 2","Aisle 1",200,29.99,"Supplier A","Low Stock",15/01/2023
673,1866," widget a ",FURNITURE,"Warehouse 2","Aisle 3",200,19.99,"Supplier B","Low Stock",NULL
674,1822," gadget y ",TOYS,"Warehouse 3","Aisle 1",50,29.99,"Supplier B","Out of Stock",20/12/2022
675,1935," gadget x ",ELECTRONICS,"Warehouse 1","Aisle 3",NULL,NULL,"Supplier D","Out of Stock",15/01/2023
676,1819," widget c ",ELECTRONICS,"Warehouse 3","Aisle 4",200,NULL,"Supplier D","Out of Stock",25/04/2023
677,1655," widget b ",ELECTRONICS,"Warehouse 2","Aisle 2",300,NULL,"Supplier A","Out of Stock",20/12/2022
678,1268," widget b ",ELECTRONICS,"Warehouse 2","Aisle 5",200,9.99,"Supplier A","Out of Stock",15/01/2023
679,1369," widget c ",CLOTHING,"Warehouse 3","Aisle 4",NULL,19.99,"Supplier B","In Stock",05/03/2023
680,1728," gadget z ",CLOTHING,"Warehouse 1","Aisle 5",300,9.99,"Supplier B","Out of Stock",25/04/2023
681,1607," widget c ",CLOTHING,"Warehouse 1","Aisle 5",NULL,NULL,"Supplier B","Low Stock",25/04/2023
682,1276," widget c ",CLOTHING,"Warehouse 2","Aisle 5",50,29.99,"Supplier D","Out of Stock",25/04/2023
683,1635," gadget x ",ELECTRONICS,"Warehouse 1","Aisle 1",150,29.99,"Supplier A","Low Stock",05/03/2023
684,1414," gadget x ",ELECTRONICS,"Warehouse 3","Aisle 4",200,29.99,"Supplier B","Low Stock",05/03/2023
685,1760," gadget y ",CLOTHING,"Warehouse 2","Aisle 1",200,29.99,"Supplier A","Out of Stock",25/04/2023
686,1768," widget b ",TOYS,"Warehouse 1","Aisle 4",200,19.99,"Supplier C","Out of Stock",15/01/2023
687,1105," gadget x ",ELECTRONICS,"Warehouse 1","Aisle 5",NULL,29.99,"Supplier A","In Stock",15/01/2023
688,1675," widget a ",FURNITURE,"Warehouse 1","Aisle 3",50,9.99,"Supplier B","Low Stock",20/12/2022
689,1786," gadget y ",CLOTHING,"Warehouse 2","Aisle 5",NULL,9.99,"Supplier D","Low Stock",NULL
690,1324," gadget y ",TOYS,"Warehouse 1","Aisle 2",300,NULL,"Supplier B","Low Stock",05/03/2023
691,1669," gadget y ",ELECTRONICS,"Warehouse 2","Aisle 2",50,49.99,"Supplier B","In Stock",NULL
692,1393," gadget y ",TOYS,"Warehouse 3","Aisle 2",150,29.99,"Supplier B","Out of Stock",NULL
693,1444," gadget z ",TOYS,"Warehouse 1","Aisle 2",300,49.99,"Supplier B","In Stock",15/01/2023
694,1515," gadget y ",ELECTRONICS,"Warehouse 2","Aisle 4",300,19.99,"Supplier B","In Stock",15/01/2023
695,1658," gadget y ",ELECTRONICS,"Warehouse 2","Aisle 4",150,NULL,"Supplier A","In Stock",NULL
696,1868," gadget z ",FURNITURE,"Warehouse 1","Aisle 2",150,9.99,"Supplier A","Out of Stock",25/04/2023
697,1875," gadget y ",CLOTHING,"Warehouse 3","Aisle 2",NULL,9.99,"Supplier B","Low Stock",15/01/2023
698,1015," widget c ",ELECTRONICS,"Warehouse 2","Aisle 2",NULL,49.99,"Supplier B","Low Stock",20/12/2022
699,1456," gadget z ",ELECTRONICS,"Warehouse 3","Aisle 3",100,19.99,"Supplier D","In Stock",25/04/2023
700,1181," widget c ",ELECTRONICS,"Warehouse 2","Aisle 1",50,29.99,"Supplier A","In Stock",05/03/2023
701,1791," widget c ",TOYS,"Warehouse 2","Aisle 4",NULL,NULL,"Supplier C","Low Stock",15/01/2023
702,1166," gadget y ",CLOTHING,"Warehouse 2","Aisle 1",100,NULL,"Supplier B","Out of Stock",25/04/2023
703,1090," gadget z ",FURNITURE,"Warehouse 2","Aisle 2",NULL,19.99,"Supplier A","Low Stock",20/12/2022
704,1713," widget b ",CLOTHING,"Warehouse 3","Aisle 5",300,9.99,"Supplier D","Out of Stock",15/01/2023
705,1335," gadget x ",TOYS,"Warehouse 3","Aisle 5",100,NULL,"Supplier A","Low Stock",15/01/2023
706,1758," widget a ",TOYS,"Warehouse 1","Aisle 5",150,NULL,"Supplier B","Low Stock",15/01/2023
707,1919," widget a ",CLOTHING,"Warehouse 1","Aisle 2",NULL,NULL,"Supplier D","Low Stock",05/03/2023
708,1257," widget c ",CLOTHING,"Warehouse 3","Aisle 1",50,19.99,"Supplier A","Low Stock",NULL
709,1191," widget b ",CLOTHING,"Warehouse 3","Aisle 1",100,19.99,"Supplier B","In Stock",NULL
710,1496," widget c ",TOYS,"Warehouse 2","Aisle 3",300,29.99,"Supplier A","In Stock",NULL
711,1738," widget a ",ELECTRONICS,"Warehouse 2","Aisle 1",150,49.99,"Supplier B","In Stock",15/01/2023
712,1987," gadget z ",ELECTRONICS,"Warehouse 3","Aisle 4",300,49.99,"Supplier D","In Stock",05/03/2023
713,1688," gadget x ",FURNITURE,"Warehouse 3","Aisle 3",200,49.99,"Supplier D","Low Stock",NULL
714,1857," widget c ",FURNITURE,"Warehouse 3","Aisle 2",150,19.99,"Supplier B","Out of Stock",15/01/2023
715,1895," widget b ",CLOTHING,"Warehouse 1","Aisle 1",NULL,NULL,"Supplier C","Low Stock",20/12/2022
716,1098," widget c ",TOYS,"Warehouse 1","Aisle 2",300,49.99,"Supplier D","Out of Stock",NULL
717,1530," widget b ",TOYS,"Warehouse 1","Aisle 1",100,49.99,"Supplier B","Low Stock",05/03/2023
718,1547," widget b ",TOYS,"Warehouse 2","Aisle 1",200,9.99,"Supplier C","In Stock",NULL
719,1038," widget a ",FURNITURE,"Warehouse 1","Aisle 2",200,NULL,"Supplier C","In Stock",25/04/2023
720,1977," widget a ",ELECTRONICS,"Warehouse 3","Aisle 1",100,29.99,"Supplier B","Low Stock",25/04/2023
721,1159," gadget z ",TOYS,"Warehouse 1","Aisle 3",150,29.99,"Supplier C","Out of Stock",15/01/2023
722,1125," widget b ",CLOTHING,"Warehouse 3","Aisle 2",50,NULL,"Supplier D","Out of Stock",25/04/2023
723,1998," gadget y ",TOYS,"Warehouse 3","Aisle 4",300,19.99,"Supplier B","Out of Stock",25/04/2023
724,1474," gadget z ",ELECTRONICS,"Warehouse 2","Aisle 4",300,49.99,"Supplier D","Low Stock",15/01/2023
725,1450," widget a ",ELECTRONICS,"Warehouse 2","Aisle 5",200,9.99,"Supplier D","Out of Stock",05/03/2023
726,1095," widget b ",FURNITURE,"Warehouse 3","Aisle 4",150,19.99,"Supplier A","Low Stock",20/12/2022
727,1172," widget a ",FURNITURE,"Warehouse 2","Aisle 4",300,NULL,"Supplier C","Low Stock",15/01/2023
728,1663," widget b ",FURNITURE,"Warehouse 3","Aisle 1",200,19.99,"Supplier C","In Stock",15/01/2023
729,1652," widget b ",TOYS,"Warehouse 2","Aisle 1",300,9.99,"Supplier C","Low Stock",20/12/2022
730,1851," gadget y ",CLOTHING,"Warehouse 2","Aisle 2",50,49.99,"Supplier D","Low Stock",15/01/2023
731,1662," widget a ",ELECTRONICS,"Warehouse 3","Aisle 3",150,19.99,"Supplier D","Out of Stock",05/03/2023
732,1753," widget c ",FURNITURE,"Warehouse 1","Aisle 5",200,9.99,"Supplier A","Low Stock",15/01/2023
733,1189," widget b ",FURNITURE,"Warehouse 2","Aisle 5",300,49.99,"Supplier C","Out of Stock",NULL
734,1735," gadget y ",CLOTHING,"Warehouse 2","Aisle 5",300,19.99,"Supplier D","Low Stock",15/01/2023
735,1219," gadget z ",FURNITURE,"Warehouse 2","Aisle 2",100,19.99,"Supplier A","Low Stock",25/04/2023
736,1656," gadget z ",TOYS,"Warehouse 1","Aisle 5",300,NULL,"Supplier A","In Stock",20/12/2022
737,1036," gadget z ",ELECTRONICS,"Warehouse 2","Aisle 1",200,29.99,"Supplier D","Out of Stock",15/01/2023
738,1779," widget b ",FURNITURE,"Warehouse 2","Aisle 1",150,49.99,"Supplier C","In Stock",20/12/2022
739,1368," gadget z ",ELECTRONICS,"Warehouse 1","Aisle 1",50,19.99,"Supplier B","In Stock",05/03/2023
740,1119," gadget z ",ELECTRONICS,"Warehouse 3","Aisle 4",100,NULL,"Supplier C","In Stock",05/03/2023
741,1694," gadget y ",TOYS,"Warehouse 2","Aisle 3",150,9.99,"Supplier D","In Stock",NULL
742,1663," widget a ",TOYS,"Warehouse 3","Aisle 3",NULL,NULL,"Supplier A","Low Stock",15/01/2023
743,1524," widget a ",FURNITURE,"Warehouse 3","Aisle 4",300,NULL,"Supplier C","Low Stock",05/03/2023
744,1830," widget a ",TOYS,"Warehouse 2","Aisle 4",NULL,29.99,"Supplier D","Out of Stock",NULL
745,1907," widget b ",TOYS,"Warehouse 2","Aisle 5",50,NULL,"Supplier B","Out of Stock",NULL
746,1278," widget c ",CLOTHING,"Warehouse 3","Aisle 1",150,NULL,"Supplier A","Out of Stock",20/12/2022
747,1786," widget b ",CLOTHING,"Warehouse 1","Aisle 2",50,49.99,"Supplier B","Out of Stock",NULL
748,1689," gadget x ",TOYS,"Warehouse 2","Aisle 1",150,19.99,"Supplier C","Out of Stock",05/03/2023
749,1603," gadget y ",FURNITURE,"Warehouse 2","Aisle 3",300,9.99,"Supplier C","Low Stock",05/03/2023
750,1674," gadget x ",CLOTHING,"Warehouse 1","Aisle 3",300,29.99,"Supplier B","Out of Stock",25/04/2023
751,1379," widget c ",ELECTRONICS,"Warehouse 2","Aisle 3",200,29.99,"Supplier B","In Stock",20/12/2022
752,1544," widget c ",ELECTRONICS,"Warehouse 2","Aisle 5",300,NULL,"Supplier D","Out of Stock",15/01/2023
753,1637," gadget y ",FURNITURE,"Warehouse 1","Aisle 2",200,NULL,"Supplier B","Low Stock",15/01/2023
754,1216," widget b ",FURNITURE,"Warehouse 2","Aisle 1",100,NULL,"Supplier C","Out of Stock",25/04/2023
755,1057," gadget y ",TOYS,"Warehouse 1","Aisle 4",NULL,9.99,"Supplier B","Low Stock",20/12/2022
756,1866," widget c ",ELECTRONICS,"Warehouse 3","Aisle 2",50,49.99,"Supplier A","Out of Stock",15/01/2023
757,1928," gadget x ",FURNITURE,"Warehouse 1","Aisle 4",150,49.99,"Supplier B","In Stock",05/03/2023
758,1659," gadget z ",CLOTHING,"Warehouse 2","Aisle 1",200,19.99,"Supplier B","In Stock",NULL
759,1872," gadget y ",ELECTRONICS,"Warehouse 2","Aisle 3",NULL,19.99,"Supplier D","In Stock",NULL
760,1956," widget c ",TOYS,"Warehouse 1","Aisle 2",300,NULL,"Supplier A","In Stock",25/04/2023
761,1475," widget a ",FURNITURE,"Warehouse 2","Aisle 1",50,29.99,"Supplier B","Out of Stock",15/01/2023
762,1797," widget b ",FURNITURE,"Warehouse 3","Aisle 1",100,49.99,"Supplier C","Out of Stock",25/04/2023
763,1690," widget a ",FURNITURE,"Warehouse 3","Aisle 5",300,49.99,"Supplier D","Out of Stock",05/03/2023
764,1455," widget a ",FURNITURE,"Warehouse 3","Aisle 3",50,19.99,"Supplier A","In Stock",05/03/2023
765,1272," gadget z ",CLOTHING,"Warehouse 1","Aisle 2",NULL,29.99,"Supplier C","In Stock",20/12/2022
766,1828," widget c ",ELECTRONICS,"Warehouse 3","Aisle 1",150,19.99,"Supplier D","In Stock",NULL
767,1880," gadget x ",CLOTHING,"Warehouse 1","Aisle 5",200,9.99,"Supplier A","Out of Stock",05/03/2023
768,1426," gadget z ",FURNITURE,"Warehouse 2","Aisle 2",100,49.99,"Supplier B","Out of Stock",NULL
769,1894," gadget x ",TOYS,"Warehouse 2","Aisle 4",50,9.99,"Supplier B","Low Stock",05/03/2023
770,1061," widget c ",CLOTHING,"Warehouse 2","Aisle 1",NULL,9.99,"Supplier C","In Stock",15/01/2023
771,1612," widget c ",ELECTRONICS,"Warehouse 1","Aisle 4",300,NULL,"Supplier D","Out of Stock",25/04/2023
772,1595," widget b ",ELECTRONICS,"Warehouse 2","Aisle 1",150,NULL,"Supplier C","Out of Stock",NULL
773,1267," gadget y ",CLOTHING,"Warehouse 3","Aisle 3",300,9.99,"Supplier A","In Stock",05/03/2023
774,1879," widget c ",FURNITURE,"Warehouse 2","Aisle 2",NULL,NULL,"Supplier D","Low Stock",25/04/2023
775,1834," widget c ",CLOTHING,"Warehouse 3","Aisle 2",50,29.99,"Supplier A","Low Stock",NULL
776,1728," widget b ",TOYS,"Warehouse 3","Aisle 3",300,NULL,"Supplier C","Low Stock",25/04/2023
777,1341," widget a ",ELECTRONICS,"Warehouse 2","Aisle 1",100,19.99,"Supplier B","In Stock",15/01/2023
778,1396," gadget z ",CLOTHING,"Warehouse 1","Aisle 5",100,29.99,"Supplier A","In Stock",05/03/2023
779,1576," widget b ",ELECTRONICS,"Warehouse 2","Aisle 1",200,49.99,"Supplier B","Out of Stock",05/03/2023
780,1698," widget c ",FURNITURE,"Warehouse 3","Aisle 1",NULL,29.99,"Supplier C","Out of Stock",20/12/2022
781,1416," widget a ",CLOTHING,"Warehouse 2","Aisle 1",50,49.99,"Supplier D","Out of Stock",05/03/2023
782,1360," widget b ",FURNITURE,"Warehouse 1","Aisle 3",200,49.99,"Supplier D","Out of Stock",05/03/2023
783,1018," gadget x ",CLOTHING,"Warehouse 2","Aisle 5",100,29.99,"Supplier A","Out of Stock",05/03/2023
784,1176," gadget x ",TOYS,"Warehouse 3","Aisle 4",300,29.99,"Supplier A","Low Stock",05/03/2023
785,1167," widget b ",FURNITURE,"Warehouse 3","Aisle 5",50,9.99,"Supplier B","Out of Stock",25/04/2023
786,1611," gadget y ",CLOTHING,"Warehouse 3","Aisle 4",100,NULL,"Supplier A","Out of Stock",05/03/2023
787,1841," widget b ",TOYS,"Warehouse 1","Aisle 4",NULL,19.99,"Supplier B","In Stock",NULL
788,1395," widget b ",CLOTHING,"Warehouse 2","Aisle 5",NULL,9.99,"Supplier C","In Stock",15/01/2023
789,1042," gadget y ",ELECTRONICS,"Warehouse 3","Aisle 5",100,9.99,"Supplier D","In Stock",15/01/2023
790,1555," widget a ",TOYS,"Warehouse 2","Aisle 5",50,9.99,"Supplier B","Low Stock",20/12/2022
791,1284," widget a ",CLOTHING,"Warehouse 1","Aisle 5",150,49.99,"Supplier A","Out of Stock",25/04/2023
792,1396," widget a ",TOYS,"Warehouse 1","Aisle 1",150,29.99,"Supplier D","In Stock",NULL
793,1934," widget a ",TOYS,"Warehouse 1","Aisle 3",50,49.99,"Supplier B","In Stock",05/03/2023
794,1011," widget a ",CLOTHING,"Warehouse 3","Aisle 1",300,9.99,"Supplier D","Low Stock",05/03/2023
795,1000," gadget y ",FURNITURE,"Warehouse 1","Aisle 2",100,49.99,"Supplier C","Low Stock",15/01/2023
796,1606," widget a ",CLOTHING,"Warehouse 2","Aisle 5",NULL,19.99,"Supplier D","Out of Stock",NULL
797,1386," widget c ",CLOTHING,"Warehouse 1","Aisle 2",50,19.99,"Supplier B","Low Stock",25/04/2023
798,1301," gadget y ",FURNITURE,"Warehouse 3","Aisle 1",100,NULL,"Supplier D","In Stock",20/12/2022
799,1972," widget b ",CLOTHING,"Warehouse 1","Aisle 1",NULL,9.99,"Supplier B","Out of Stock",NULL
800,1897," widget c ",CLOTHING,"Warehouse 3","Aisle 4",100,9.99,"Supplier B","Out of Stock",20/12/2022
801,1347," widget c ",FURNITURE,"Warehouse 3","Aisle 3",100,NULL,"Supplier B","In Stock",20/12/2022
802,1252," widget b ",FURNITURE,"Warehouse 3","Aisle 5",300,9.99,"Supplier B","Out of Stock",15/01/2023
803,1189," widget b ",CLOTHING,"Warehouse 2","Aisle 2",150,19.99,"Supplier A","In Stock",25/04/2023
804,1444," widget c ",TOYS,"Warehouse 3","Aisle 3",50,NULL,"Supplier C","In Stock",15/01/2023
805,1498," widget a ",FURNITURE,"Warehouse 1","Aisle 1",150,19.99,"Supplier A","In Stock",15/01/2023
806,1504," widget b ",FURNITURE,"Warehouse 3","Aisle 4",NULL,19.99,"Supplier C","In Stock",15/01/2023
807,1232," gadget y ",FURNITURE,"Warehouse 1","Aisle 1",50,29.99,"Supplier A","In Stock",20/12/2022
808,1190," gadget z ",CLOTHING,"Warehouse 1","Aisle 2",200,9.99,"Supplier B","Low Stock",05/03/2023
809,1914," widget c ",ELECTRONICS,"Warehouse 1","Aisle 1",200,NULL,"Supplier B","In Stock",05/03/2023
810,1507," widget a ",ELECTRONICS,"Warehouse 1","Aisle 2",200,29.99,"Supplier B","Out of Stock",20/12/2022
811,1075," widget b ",FURNITURE,"Warehouse 3","Aisle 4",100,29.99,"Supplier A","In Stock",15/01/2023
812,1368," widget c ",ELECTRONICS,"Warehouse 1","Aisle 3",200,19.99,"Supplier D","Out of Stock",NULL
813,1264," gadget x ",TOYS,"Warehouse 2","Aisle 5",NULL,49.99,"Supplier B","Low Stock",20/12/2022
814,1753," widget c ",FURNITURE,"Warehouse 1","Aisle 2",200,29.99,"Supplier C","In Stock",20/12/2022
815,1408," widget c ",ELECTRONICS,"Warehouse 1","Aisle 3",NULL,29.99,"Supplier C","In Stock",25/04/2023
816,1454," widget a ",CLOTHING,"Warehouse 3","Aisle 1",100,9.99,"Supplier A","Low Stock",20/12/2022
817,1034," widget c ",ELECTRONICS,"Warehouse 2","Aisle 5",NULL,9.99,"Supplier C","In Stock",25/04/2023
818,1823," gadget z ",TOYS,"Warehouse 2","Aisle 5",NULL,29.99,"Supplier B","Low Stock",25/04/2023
819,1795," gadget x ",FURNITURE,"Warehouse 1","Aisle 1",150,49.99,"Supplier D","In Stock",05/03/2023
820,1726," widget b ",ELECTRONICS,"Warehouse 2","Aisle 5",300,9.99,"Supplier A","Out of Stock",25/04/2023
821,1928," gadget y ",TOYS,"Warehouse 1","Aisle 4",NULL,49.99,"Supplier D","In Stock",20/12/2022
822,1848," gadget y ",CLOTHING,"Warehouse 3","Aisle 4",NULL,29.99,"Supplier C","Out of Stock",05/03/2023
823,1933," gadget y ",ELECTRONICS,"Warehouse 2","Aisle 3",100,9.99,"Supplier D","Out of Stock",15/01/2023
824,1089," gadget x ",FURNITURE,"Warehouse 3","Aisle 3",150,19.99,"Supplier A","Low Stock",15/01/2023
825,1116," widget a ",TOYS,"Warehouse 1","Aisle 1",300,29.99,"Supplier A","Low Stock",NULL
826,1775," gadget x ",ELECTRONICS,"Warehouse 3","Aisle 3",150,9.99,"Supplier B","Out of Stock",05/03/2023
827,1133," widget a ",CLOTHING,"Warehouse 2","Aisle 4",100,9.99,"Supplier D","In Stock",20/12/2022
828,1057," gadget x ",FURNITURE,"Warehouse 3","Aisle 4",200,49.99,"Supplier B","In Stock",05/03/2023
829,1604," widget c ",FURNITURE,"Warehouse 2","Aisle 4",200,29.99,"Supplier D","In Stock",15/01/2023
830,1555," gadget z ",FURNITURE,"Warehouse 1","Aisle 3",300,9.99,"Supplier A","Low Stock",NULL
831,1684," gadget y ",FURNITURE,"Warehouse 2","Aisle 4",50,19.99,"Supplier A","Out of Stock",25/04/2023
832,1671," widget b ",ELECTRONICS,"Warehouse 3","Aisle 3",200,29.99,"Supplier B","Low Stock",20/12/2022
833,1921," gadget z ",TOYS,"Warehouse 1","Aisle 4",200,9.99,"Supplier D","Out of Stock",20/12/2022
834,1172," widget c ",TOYS,"Warehouse 1","Aisle 2",150,9.99,"Supplier C","In Stock",25/04/2023
835,1969," gadget z ",TOYS,"Warehouse 1","Aisle 4",100,NULL,"Supplier B","Low Stock",25/04/2023
836,1828," widget a ",CLOTHING,"Warehouse 1","Aisle 5",100,NULL,"Supplier D","In Stock",25/04/2023
837,1601," widget b ",TOYS,"Warehouse 3","Aisle 3",NULL,49.99,"Supplier D","Low Stock",25/04/2023
838,1814," widget c ",CLOTHING,"Warehouse 1","Aisle 2",NULL,9.99,"Supplier A","In Stock",25/04/2023
839,1148," widget c ",ELECTRONICS,"Warehouse 2","Aisle 3",100,29.99,"Supplier C","In Stock",15/01/2023
840,1079," gadget x ",CLOTHING,"Warehouse 2","Aisle 3",NULL,49.99,"Supplier B","Out of Stock",25/04/2023
841,1885," gadget y ",CLOTHING,"Warehouse 3","Aisle 2",300,49.99,"Supplier D","Out of Stock",05/03/2023
842,1212," widget a ",CLOTHING,"Warehouse 2","Aisle 1",150,29.99,"Supplier D","In Stock",05/03/2023
843,1717," gadget y ",ELECTRONICS,"Warehouse 3","Aisle 3",300,19.99,"Supplier A","Out of Stock",NULL
844,1202," widget c ",CLOTHING,"Warehouse 2","Aisle 1",300,19.99,"Supplier A","Out of Stock",NULL
845,1763," widget a ",TOYS,"Warehouse 1","Aisle 1",150,19.99,"Supplier D","Out of Stock",25/04/2023
846,1228," widget b ",CLOTHING,"Warehouse 1","Aisle 3",100,49.99,"Supplier D","Out of Stock",25/04/2023
847,1675," gadget x ",FURNITURE,"Warehouse 1","Aisle 4",NULL,49.99,"Supplier D","In Stock",20/12/2022
848,1226," widget b ",ELECTRONICS,"Warehouse 1","Aisle 3",300,29.99,"Supplier D","Low Stock",15/01/2023
849,1658," widget a ",TOYS,"Warehouse 1","Aisle 4",150,19.99,"Supplier B","Low Stock",NULL
850,1531," widget a ",CLOTHING,"Warehouse 1","Aisle 2",200,49.99,"Supplier C","Low Stock",25/04/2023
851,1440," gadget y ",TOYS,"Warehouse 1","Aisle 5",200,19.99,"Supplier B","In Stock",20/12/2022
852,1417," gadget x ",CLOTHING,"Warehouse 3","Aisle 4",NULL,NULL,"Supplier D","In Stock",20/12/2022
853,1114," widget c ",FURNITURE,"Warehouse 3","Aisle 1",150,9.99,"Supplier C","In Stock",05/03/2023
854,1401," widget c ",CLOTHING,"Warehouse 3","Aisle 4",300,49.99,"Supplier B","Out of Stock",15/01/2023
855,1616," gadget y ",TOYS,"Warehouse 3","Aisle 5",100,19.99,"Supplier B","Low Stock",05/03/2023
856,1046," widget c ",FURNITURE,"Warehouse 3","Aisle 1",NULL,9.99,"Supplier A","Out of Stock",NULL
857,1902," gadget x ",ELECTRONICS,"Warehouse 2","Aisle 5",300,49.99,"Supplier C","Low Stock",NULL
858,1734," gadget z ",TOYS,"Warehouse 3","Aisle 2",100,NULL,"Supplier A","In Stock",05/03/2023
859,1383," widget a ",FURNITURE,"Warehouse 1","Aisle 4",100,19.99,"Supplier C","Low Stock",NULL
860,1195," widget c ",TOYS,"Warehouse 1","Aisle 2",NULL,NULL,"Supplier C","Low Stock",15/01/2023
861,1563," gadget y ",ELECTRONICS,"Warehouse 3","Aisle 4",50,NULL,"Supplier B","In Stock",20/12/2022
862,1850," widget b ",TOYS,"Warehouse 3","Aisle 2",300,49.99,"Supplier D","Low Stock",15/01/2023
863,1505," widget a ",ELECTRONICS,"Warehouse 2","Aisle 1",NULL,29.99,"Supplier B","Low Stock",25/04/2023
864,1366," gadget y ",TOYS,"Warehouse 2","Aisle 3",100,29.99,"Supplier D","In Stock",20/12/2022
865,1143," widget b ",CLOTHING,"Warehouse 1","Aisle 3",50,NULL,"Supplier A","In Stock",15/01/2023
866,1884," gadget x ",FURNITURE,"Warehouse 1","Aisle 4",200,29.99,"Supplier C","Out of Stock",20/12/2022
867,1068," gadget z ",ELECTRONICS,"Warehouse 1","Aisle 3",300,49.99,"Supplier C","Low Stock",05/03/2023
868,1098," widget b ",TOYS,"Warehouse 2","Aisle 2",50,29.99,"Supplier B","Out of Stock",NULL
869,1395," widget c ",ELECTRONICS,"Warehouse 1","Aisle 1",50,49.99,"Supplier C","In Stock",20/12/2022
870,1024," widget b ",ELECTRONICS,"Warehouse 1","Aisle 2",50,19.99,"Supplier B","Low Stock",15/01/2023
871,1947," widget b ",FURNITURE,"Warehouse 1","Aisle 5",100,49.99,"Supplier B","Out of Stock",05/03/2023
872,1232," widget b ",ELECTRONICS,"Warehouse 3","Aisle 3",300,NULL,"Supplier D","In Stock",NULL
873,1304," gadget x ",CLOTHING,"Warehouse 3","Aisle 2",100,9.99,"Supplier B","In Stock",25/04/2023
874,1525," gadget z ",CLOTHING,"Warehouse 1","Aisle 1",150,49.99,"Supplier D","Low Stock",NULL
875,1890," gadget z ",CLOTHING,"Warehouse 2","Aisle 4",100,9.99,"Supplier D","Out of Stock",25/04/2023
876,1142," widget c ",CLOTHING,"Warehouse 3","Aisle 2",100,NULL,"Supplier B","Low Stock",20/12/2022
877,1468," widget c ",ELECTRONICS,"Warehouse 3","Aisle 3",200,9.99,"Supplier B","Out of Stock",05/03/2023
878,1414," gadget y ",CLOTHING,"Warehouse 1","Aisle 5",200,NULL,"Supplier B","In Stock",NULL
879,1483," gadget y ",TOYS,"Warehouse 1","Aisle 5",150,9.99,"Supplier D","In Stock",NULL
880,1512," widget b ",ELECTRONICS,"Warehouse 3","Aisle 3",150,49.99,"Supplier A","Low Stock",05/03/2023
881,1564," gadget y ",TOYS,"Warehouse 3","Aisle 3",150,NULL,"Supplier C","In Stock",05/03/2023
882,1372," widget b ",ELECTRONICS,"Warehouse 2","Aisle 3",300,49.99,"Supplier C","Out of Stock",20/12/2022
883,1150," widget b ",CLOTHING,"Warehouse 1","Aisle 1",150,NULL,"Supplier B","In Stock",25/04/2023
884,1565," gadget z ",FURNITURE,"Warehouse 3","Aisle 5",100,19.99,"Supplier C","In Stock",15/01/2023
885,1885," gadget y ",ELECTRONICS,"Warehouse 3","Aisle 3",50,49.99,"Supplier B","In Stock",15/01/2023
886,1258," gadget x ",CLOTHING,"Warehouse 1","Aisle 4",NULL,29.99,"Supplier A","Out of Stock",25/04/2023
887,1655," gadget y ",FURNITURE,"Warehouse 3","Aisle 2",NULL,49.99,"Supplier D","Out of Stock",25/04/2023
888,1470," gadget x ",FURNITURE,"Warehouse 2","Aisle 1",50,29.99,"Supplier D","Out of Stock",05/03/2023
889,1952," gadget y ",FURNITURE,"Warehouse 1","Aisle 5",200,49.99,"Supplier B","Low Stock",15/01/2023
890,1970," gadget y ",CLOTHING,"Warehouse 1","Aisle 4",150,19.99,"Supplier C","In Stock",15/01/2023
891,1011," widget a ",TOYS,"Warehouse 3","Aisle 1",NULL,29.99,"Supplier A","Low Stock",15/01/2023
892,1143," widget c ",TOYS,"Warehouse 3","Aisle 1",300,NULL,"Supplier B","Low Stock",15/01/2023
893,1568," widget c ",CLOTHING,"Warehouse 2","Aisle 1",300,49.99,"Supplier A","In Stock",20/12/2022
894,1038," gadget z ",TOYS,"Warehouse 2","Aisle 3",200,NULL,"Supplier B","Low Stock",NULL
895,1108," gadget x ",FURNITURE,"Warehouse 1","Aisle 5",300,19.99,"Supplier B","Out of Stock",25/04/2023
896,1692," gadget y ",ELECTRONICS,"Warehouse 3","Aisle 1",150,9.99,"Supplier A","Out of Stock",NULL
897,1041," gadget z ",FURNITURE,"Warehouse 2","Aisle 5",150,49.99,"Supplier A","In Stock",05/03/2023
898,1185," widget a ",ELECTRONICS,"Warehouse 1","Aisle 3",50,9.99,"Supplier C","Out of Stock",NULL
899,1934," gadget y ",ELECTRONICS,"Warehouse 1","Aisle 5",300,NULL,"Supplier B","In Stock",25/04/2023
900,1397," gadget z ",ELECTRONICS,"Warehouse 2","Aisle 3",100,49.99,"Supplier C","Low Stock",20/12/2022
901,1222," gadget y ",FURNITURE,"Warehouse 2","Aisle 3",100,29.99,"Supplier C","Out of Stock",20/12/2022
902,1329," widget b ",CLOTHING,"Warehouse 1","Aisle 1",50,9.99,"Supplier C","Out of Stock",15/01/2023
903,1633," gadget x ",ELECTRONICS,"Warehouse 1","Aisle 4",50,19.99,"Supplier A","In Stock",NULL
904,1132," widget a ",FURNITURE,"Warehouse 3","Aisle 3",50,NULL,"Supplier D","Out of Stock",15/01/2023
905,1735," gadget y ",ELECTRONICS,"Warehouse 1","Aisle 5",300,29.99,"Supplier D","Low Stock",NULL
906,1783," gadget z ",ELECTRONICS,"Warehouse 1","Aisle 4",50,19.99,"Supplier C","Out of Stock",20/12/2022
907,1162," gadget x ",CLOTHING,"Warehouse 3","Aisle 3",50,NULL,"Supplier C","Out of Stock",NULL
908,1967," gadget y ",CLOTHING,"Warehouse 1","Aisle 1",200,29.99,"Supplier D","Low Stock",20/12/2022
909,1214," widget a ",TOYS,"Warehouse 3","Aisle 2",100,19.99,"Supplier D","In Stock",05/03/2023
910,1357," widget c ",CLOTHING,"Warehouse 1","Aisle 1",200,49.99,"Supplier A","Low Stock",05/03/2023
911,1971," widget b ",FURNITURE,"Warehouse 1","Aisle 4",100,49.99,"Supplier A","Out of Stock",NULL
912,1732," widget b ",TOYS,"Warehouse 1","Aisle 1",150,19.99,"Supplier B","Out of Stock",20/12/2022
913,1234," gadget z ",ELECTRONICS,"Warehouse 2","Aisle 4",50,29.99,"Supplier A","Out of Stock",20/12/2022
914,1407," widget c ",CLOTHING,"Warehouse 2","Aisle 3",NULL,19.99,"Supplier B","Low Stock",15/01/2023
915,1842," widget a ",FURNITURE,"Warehouse 1","Aisle 4",200,NULL,"Supplier B","Out of Stock",20/12/2022
916,1657," gadget x ",TOYS,"Warehouse 2","Aisle 4",50,NULL,"Supplier B","Out of Stock",15/01/2023
917,1667," widget b ",FURNITURE,"Warehouse 3","Aisle 1",100,NULL,"Supplier B","In Stock",15/01/2023
918,1372," widget c ",ELECTRONICS,"Warehouse 2","Aisle 2",50,49.99,"Supplier C","Low Stock",25/04/2023
919,1007," gadget y ",FURNITURE,"Warehouse 1","Aisle 4",150,9.99,"Supplier A","Low Stock",25/04/2023
920,1750," gadget y ",FURNITURE,"Warehouse 3","Aisle 2",NULL,9.99,"Supplier A","Low Stock",15/01/2023
921,1121," gadget y ",CLOTHING,"Warehouse 1","Aisle 1",150,19.99,"Supplier A","In Stock",05/03/2023
922,1587," widget a ",FURNITURE,"Warehouse 3","Aisle 3",50,49.99,"Supplier B","Out of Stock",25/04/2023
923,1347," widget a ",ELECTRONICS,"Warehouse 3","Aisle 5",200,29.99,"Supplier B","Out of Stock",15/01/2023
924,1008," gadget z ",ELECTRONICS,"Warehouse 2","Aisle 1",100,49.99,"Supplier A","Out of Stock",NULL
925,1073," widget a ",TOYS,"Warehouse 2","Aisle 5",300,9.99,"Supplier D","In Stock",NULL
926,1675," gadget z ",TOYS,"Warehouse 2","Aisle 2",150,29.99,"Supplier D","In Stock",05/03/2023
927,1953," widget c ",ELECTRONICS,"Warehouse 1","Aisle 3",50,49.99,"Supplier B","Low Stock",05/03/2023
928,1089," widget c ",FURNITURE,"Warehouse 3","Aisle 1",150,9.99,"Supplier C","Low Stock",NULL
929,1491," gadget y ",ELECTRONICS,"Warehouse 3","Aisle 2",300,19.99,"Supplier A","In Stock",20/12/2022
930,1647," gadget x ",ELECTRONICS,"Warehouse 2","Aisle 2",150,49.99,"Supplier C","Out of Stock",20/12/2022
931,1912," gadget z ",TOYS,"Warehouse 1","Aisle 3",NULL,49.99,"Supplier C","In Stock",15/01/2023
932,1697," widget a ",FURNITURE,"Warehouse 1","Aisle 2",50,19.99,"Supplier B","Low Stock",15/01/2023
933,1252," gadget z ",TOYS,"Warehouse 1","Aisle 3",200,49.99,"Supplier B","In Stock",05/03/2023
934,1315," widget c ",ELECTRONICS,"Warehouse 3","Aisle 3",150,9.99,"Supplier A","Low Stock",NULL
935,1229," widget b ",CLOTHING,"Warehouse 1","Aisle 2",300,9.99,"Supplier D","Low Stock",05/03/2023
936,1177," widget c ",ELECTRONICS,"Warehouse 3","Aisle 2",300,49.99,"Supplier B","In Stock",15/01/2023
937,1518," gadget x ",CLOTHING,"Warehouse 3","Aisle 4",150,29.99,"Supplier A","In Stock",15/01/2023
938,1539," widget a ",FURNITURE,"Warehouse 1","Aisle 3",150,19.99,"Supplier B","In Stock",25/04/2023
939,1731," gadget y ",TOYS,"Warehouse 3","Aisle 4",150,29.99,"Supplier B","Out of Stock",05/03/2023
940,1173," widget b ",FURNITURE,"Warehouse 1","Aisle 4",50,49.99,"Supplier B","In Stock",NULL
941,1868," widget c ",ELECTRONICS,"Warehouse 2","Aisle 3",100,19.99,"Supplier B","Out of Stock",25/04/2023
942,1652," gadget z ",TOYS,"Warehouse 1","Aisle 1",NULL,49.99,"Supplier B","In Stock",20/12/2022
943,1040," gadget y ",ELECTRONICS,"Warehouse 2","Aisle 5",50,NULL,"Supplier D","Out of Stock",20/12/2022
944,1167," gadget y ",CLOTHING,"Warehouse 1","Aisle 1",NULL,29.99,"Supplier B","Out of Stock",NULL
945,1739," widget a ",ELECTRONICS,"Warehouse 2","Aisle 1",200,19.99,"Supplier D","Low Stock",25/04/2023
946,1169," widget a ",FURNITURE,"Warehouse 1","Aisle 4",300,9.99,"Supplier D","In Stock",05/03/2023
947,1703," gadget y ",TOYS,"Warehouse 2","Aisle 4",100,NULL,"Supplier A","In Stock",15/01/2023
948,1392," widget a ",FURNITURE,"Warehouse 1","Aisle 5",200,29.99,"Supplier A","Low Stock",20/12/2022
949,1945," gadget y ",FURNITURE,"Warehouse 1","Aisle 3",100,9.99,"Supplier C","Low Stock",25/04/2023
950,1922," widget b ",TOYS,"Warehouse 1","Aisle 4",NULL,19.99,"Supplier B","In Stock",25/04/2023
951,1501," gadget x ",CLOTHING,"Warehouse 3","Aisle 5",50,NULL,"Supplier D","In Stock",15/01/2023
952,1958," widget c ",FURNITURE,"Warehouse 2","Aisle 3",300,29.99,"Supplier A","Out of Stock",20/12/2022
953,1144," gadget z ",TOYS,"Warehouse 1","Aisle 1",50,49.99,"Supplier B","In Stock",25/04/2023
954,1200," gadget x ",FURNITURE,"Warehouse 3","Aisle 3",NULL,NULL,"Supplier C","In Stock",05/03/2023
955,1928," gadget y ",CLOTHING,"Warehouse 3","Aisle 2",NULL,NULL,"Supplier D","In Stock",05/03/2023
956,1723," widget c ",FURNITURE,"Warehouse 1","Aisle 3",NULL,29.99,"Supplier A","Out of Stock",05/03/2023
957,1794," gadget z ",CLOTHING,"Warehouse 3","Aisle 5",50,19.99,"Supplier C","Out of Stock",05/03/2023
958,1460," gadget y ",TOYS,"Warehouse 1","Aisle 4",200,NULL,"Supplier C","In Stock",25/04/2023
959,1731," widget b ",FURNITURE,"Warehouse 2","Aisle 1",150,9.99,"Supplier B","Out of Stock",25/04/2023
960,1633," widget a ",TOYS,"Warehouse 1","Aisle 3",NULL,9.99,"Supplier C","Low Stock",NULL
961,1751," widget a ",TOYS,"Warehouse 3","Aisle 3",50,29.99,"Supplier B","In Stock",25/04/2023
962,1924," widget c ",FURNITURE,"Warehouse 3","Aisle 1",150,9.99,"Supplier B","In Stock",15/01/2023
963,1193," widget a ",ELECTRONICS,"Warehouse 2","Aisle 4",200,19.99,"Supplier A","Low Stock",NULL
964,1516," widget a ",FURNITURE,"Warehouse 1","Aisle 1",150,19.99,"Supplier C","Out of Stock",NULL
965,1908," widget b ",TOYS,"Warehouse 1","Aisle 1",150,29.99,"Supplier D","In Stock",20/12/2022
966,1028," gadget x ",CLOTHING,"Warehouse 1","Aisle 1",NULL,9.99,"Supplier D","In Stock",15/01/2023
967,1164," gadget x ",CLOTHING,"Warehouse 3","Aisle 5",200,NULL,"Supplier A","Out of Stock",05/03/2023
968,1421," widget c ",ELECTRONICS,"Warehouse 3","Aisle 1",100,9.99,"Supplier B","In Stock",20/12/2022
969,1557," widget b ",TOYS,"Warehouse 3","Aisle 2",300,NULL,"Supplier A","Out of Stock",05/03/2023
970,1338," widget b ",ELECTRONICS,"Warehouse 2","Aisle 4",100,49.99,"Supplier D","In Stock",NULL
971,1546," widget c ",FURNITURE,"Warehouse 2","Aisle 2",NULL,9.99,"Supplier C","Out of Stock",15/01/2023
972,1252," gadget y ",CLOTHING,"Warehouse 3","Aisle 4",200,NULL,"Supplier A","In Stock",05/03/2023
973,1389," gadget z ",ELECTRONICS,"Warehouse 1","Aisle 5",300,29.99,"Supplier D","Low Stock",15/01/2023
974,1593," widget b ",CLOTHING,"Warehouse 1","Aisle 1",100,NULL,"Supplier A","Out of Stock",25/04/2023
975,1882," gadget x ",FURNITURE,"Warehouse 2","Aisle 5",200,9.99,"Supplier D","Out of Stock",05/03/2023
976,1647," gadget y ",CLOTHING,"Warehouse 2","Aisle 5",NULL,49.99,"Supplier B","Low Stock",NULL
977,1495," gadget y ",TOYS,"Warehouse 3","Aisle 3",NULL,NULL,"Supplier C","Out of Stock",15/01/2023
978,1364," gadget y ",ELECTRONICS,"Warehouse 3","Aisle 1",300,19.99,"Supplier D","Low Stock",20/12/2022
979,1832," widget c ",CLOTHING,"Warehouse 1","Aisle 2",50,NULL,"Supplier A","Low Stock",05/03/2023
980,1341," gadget x ",ELECTRONICS,"Warehouse 3","Aisle 1",200,49.99,"Supplier D","In Stock",25/04/2023
981,1499," gadget z ",TOYS,"Warehouse 2","Aisle 3",NULL,NULL,"Supplier B","Low Stock",15/01/2023
982,1656," gadget z ",FURNITURE,"Warehouse 1","Aisle 5",50,9.99,"Supplier A","Out of Stock",05/03/2023
983,1510," widget c ",ELECTRONICS,"Warehouse 2","Aisle 3",300,NULL,"Supplier D","Low Stock",25/04/2023
984,1326," gadget z ",TOYS,"Warehouse 1","Aisle 2",50,19.99,"Supplier D","Low Stock",NULL
985,1216," gadget y ",CLOTHING,"Warehouse 3","Aisle 4",NULL,9.99,"Supplier D","In Stock",NULL
986,1300," widget b ",ELECTRONICS,"Warehouse 2","Aisle 1",100,29.99,"Supplier D","Out of Stock",20/12/2022
987,1131," widget a ",ELECTRONICS,"Warehouse 1","Aisle 5",200,49.99,"Supplier A","Low Stock",25/04/2023
988,1803," gadget x ",CLOTHING,"Warehouse 1","Aisle 4",200,49.99,"Supplier B","In Stock",NULL
989,1069," gadget x ",FURNITURE,"Warehouse 3","Aisle 3",100,NULL,"Supplier D","Low Stock",NULL
990,1251," widget c ",CLOTHING,"Warehouse 3","Aisle 5",NULL,9.99,"Supplier A","Out of Stock",20/12/2022
991,1255," widget b ",CLOTHING,"Warehouse 2","Aisle 4",150,9.99,"Supplier B","In Stock",25/04/2023
992,1708," gadget z ",TOYS,"Warehouse 3","Aisle 1",200,NULL,"Supplier C","Low Stock",05/03/2023
993,1814," gadget y ",ELECTRONICS,"Warehouse 3","Aisle 1",NULL,19.99,"Supplier B","In Stock",NULL
994,1920," gadget y ",FURNITURE,"Warehouse 1","Aisle 5",100,29.99,"Supplier A","Out of Stock",15/01/2023
995,1449," gadget x ",FURNITURE,"Warehouse 2","Aisle 3",NULL,29.99,"Supplier B","Out of Stock",NULL
996,1009," widget b ",FURNITURE,"Warehouse 2","Aisle 2",100,NULL,"Supplier C","In Stock",15/01/2023
997,1823," gadget y ",ELECTRONICS,"Warehouse 2","Aisle 3",300,19.99,"Supplier B","In Stock",20/12/2022
998,1797," gadget z ",TOYS,"Warehouse 3","Aisle 5",150,9.99,"Supplier C","Low Stock",05/03/2023
999,1241," widget c ",FURNITURE,"Warehouse 2","Aisle 2",100,49.99,"Supplier C","Low Stock",20/12/2022
1000,1250," widget a ",CLOTHING,"Warehouse 1","Aisle 3",100,49.99,"Supplier B","Out of Stock",20/12/2022
